,0,1,2,3,4,5,6,7,8,9
0,1000699_0.jpg,634439_0.jpg,102427_0.jpg,969013_0.jpg,1054120_0.jpg,2194226_0.jpg,1078824_0.jpg,2128367_0.jpg,2153201_0.jpg,1260869_0.jpg
1,101332_0.jpg,101332_1.jpg,454575_1.jpg,2035896_0.jpg,1590116_1.jpg,34762_2.jpg,1496852_0.jpg,1590116_0.jpg,251394_3.jpg,144525_2.jpg
2,101332_1.jpg,101332_0.jpg,454575_1.jpg,2035896_0.jpg,1590116_1.jpg,34762_2.jpg,1496852_0.jpg,251394_3.jpg,1590116_0.jpg,1204454_0.jpg
3,102427_0.jpg,634439_0.jpg,1000699_0.jpg,593186_1.jpg,2128367_0.jpg,2153201_0.jpg,428087_0.jpg,228851_0.jpg,2018843_0.jpg,155579_1.jpg
4,1024602_0.jpg,328944_0.jpg,328944_1.jpg,971996_0.jpg,1833356_0.jpg,464681_0.jpg,359078_0.jpg,1158718_0.jpg,43354_0.jpg,1719926_0.jpg
5,1040854_0.jpg,2234218_0.jpg,1174936_0.jpg,1313329_0.jpg,422073_0.jpg,49884_0.jpg,344411_2.jpg,409025_0.jpg,1681432_0.jpg,1562210_0.jpg
6,1046233_0.jpg,394246_0.jpg,1625168_0.jpg,736794_3.jpg,263977_0.jpg,2152132_0.jpg,1396752_0.jpg,739325_0.jpg,1473075_0.jpg,328427_0.jpg
7,1046349_0.jpg,1046349_1.jpg,1180015_0.jpg,1180015_1.jpg,1824647_3.jpg,275199_0.jpg,773720_0.jpg,1131012_1.jpg,1131012_0.jpg,1376156_0.jpg
8,1046349_1.jpg,1046349_0.jpg,1180015_0.jpg,1180015_1.jpg,275199_0.jpg,773720_0.jpg,1824647_3.jpg,1131012_1.jpg,1131012_0.jpg,119506_0.jpg
9,1054120_0.jpg,969013_0.jpg,1078824_0.jpg,2194226_0.jpg,1000699_0.jpg,634439_0.jpg,718182_0.jpg,2128367_0.jpg,228851_0.jpg,2087717_0.jpg
10,1056039_0.jpg,34762_0.jpg,1376156_0.jpg,1689520_0.jpg,1689520_1.jpg,1982544_1.jpg,2043138_2.jpg,124438_0.jpg,1689520_2.jpg,1590305_0.jpg
11,1056039_1.jpg,1836045_2.jpg,1056039_2.jpg,839474_3.jpg,2265152_0.jpg,1056223_0.jpg,714841_0.jpg,2265152_1.jpg,20730_0.jpg,2043138_3.jpg
12,1056039_2.jpg,1056039_1.jpg,2043138_2.jpg,1836045_2.jpg,345278_2.jpg,714841_0.jpg,273015_3.jpg,273015_2.jpg,91902_1.jpg,2043138_3.jpg
13,1056039_3.jpg,609182_0.jpg,1217793_2.jpg,460016_1.jpg,449122_0.jpg,2018843_1.jpg,2018843_3.jpg,2018843_2.jpg,1836045_1.jpg,1342280_3.jpg
14,1056223_0.jpg,2043138_2.jpg,1056223_1.jpg,1062123_1.jpg,460016_1.jpg,2043138_3.jpg,1948024_0.jpg,228851_1.jpg,394246_0.jpg,404344_0.jpg
15,1056223_1.jpg,460016_1.jpg,228851_1.jpg,736794_3.jpg,2043138_2.jpg,394246_0.jpg,49335_0.jpg,2152132_0.jpg,49335_1.jpg,1985202_0.jpg
16,1062123_0.jpg,1108438_0.jpg,792542_2.jpg,835212_3.jpg,428087_0.jpg,1727476_0.jpg,593186_1.jpg,942620_1.jpg,1954967_1.jpg,388175_1.jpg
17,1062123_1.jpg,1056223_0.jpg,839474_3.jpg,835212_0.jpg,2265152_0.jpg,33220_2.jpg,2265152_1.jpg,33220_1.jpg,1056039_1.jpg,1342280_2.jpg
18,1076893_0.jpg,1076893_1.jpg,2059631_0.jpg,1174936_0.jpg,1681432_0.jpg,1963148_0.jpg,49884_0.jpg,409025_0.jpg,422073_0.jpg,1202550_0.jpg
19,1076893_1.jpg,1076893_0.jpg,1681432_0.jpg,2059631_0.jpg,1174936_0.jpg,49884_0.jpg,409025_0.jpg,1202550_0.jpg,344411_2.jpg,1963148_0.jpg
20,1078824_0.jpg,969013_0.jpg,1054120_0.jpg,2194226_0.jpg,634439_0.jpg,1000699_0.jpg,2128367_0.jpg,718182_0.jpg,228851_0.jpg,2087717_0.jpg
21,1080191_0.jpg,49335_1.jpg,1080191_1.jpg,49335_0.jpg,597665_0.jpg,228851_1.jpg,404344_0.jpg,1751888_0.jpg,1948024_0.jpg,1985202_0.jpg
22,1080191_1.jpg,49335_1.jpg,49335_0.jpg,1080191_0.jpg,597665_0.jpg,228851_1.jpg,404344_0.jpg,1948024_0.jpg,1985202_0.jpg,1056223_1.jpg
23,1092339_0.jpg,454575_1.jpg,2073127_0.jpg,101332_1.jpg,101332_0.jpg,1590116_0.jpg,261890_0.jpg,684408_2.jpg,684408_1.jpg,1590116_1.jpg
24,1108438_0.jpg,1062123_0.jpg,388175_1.jpg,388175_0.jpg,1727476_0.jpg,102427_0.jpg,835212_3.jpg,942620_1.jpg,428087_0.jpg,792542_2.jpg
25,1108503_0.jpg,1854940_0.jpg,344411_2.jpg,2234218_0.jpg,344411_1.jpg,1313329_0.jpg,1040854_0.jpg,477211_0.jpg,1629131_0.jpg,12688_0.jpg
26,110899_0.jpg,1985202_0.jpg,1836045_1.jpg,736794_3.jpg,394246_0.jpg,393342_0.jpg,460016_1.jpg,1056223_1.jpg,2025719_1.jpg,2025719_0.jpg
27,1131012_0.jpg,1131012_1.jpg,1662376_0.jpg,736794_1.jpg,773720_0.jpg,877298_1.jpg,1520546_2.jpg,1520546_1.jpg,1046349_1.jpg,275199_0.jpg
28,1131012_1.jpg,1131012_0.jpg,1662376_0.jpg,736794_1.jpg,773720_0.jpg,1520546_2.jpg,877298_1.jpg,1046349_1.jpg,275199_0.jpg,1520546_1.jpg
29,1138838_0.jpg,228851_0.jpg,155579_1.jpg,2128367_0.jpg,718182_0.jpg,155579_0.jpg,2153201_0.jpg,634439_0.jpg,428087_0.jpg,1491382_0.jpg
30,1140265_0.jpg,394246_0.jpg,2249413_0.jpg,1679426_1.jpg,877298_0.jpg,238420_0.jpg,1595808_0.jpg,1985202_0.jpg,736794_3.jpg,49335_1.jpg
31,1158718_0.jpg,359078_0.jpg,43354_0.jpg,1024602_0.jpg,328944_0.jpg,328944_1.jpg,43354_1.jpg,1833356_0.jpg,464681_0.jpg,460054_0.jpg
32,1158718_1.jpg,43354_2.jpg,1491382_2.jpg,359078_1.jpg,328427_0.jpg,1755785_0.jpg,451241_2.jpg,2152132_0.jpg,654408_0.jpg,1396752_1.jpg
33,1166708_0.jpg,714841_0.jpg,273015_0.jpg,273015_2.jpg,2043138_0.jpg,1251344_0.jpg,797428_1.jpg,2043138_2.jpg,736794_3.jpg,2010464_1.jpg
34,1170894_0.jpg,1170894_1.jpg,619948_1.jpg,868312_0.jpg,739325_1.jpg,2008369_1.jpg,1625168_1.jpg,2008369_0.jpg,619948_0.jpg,263977_2.jpg
35,1170894_1.jpg,1170894_0.jpg,619948_1.jpg,868312_0.jpg,739325_1.jpg,1625168_1.jpg,2008369_1.jpg,2008369_0.jpg,619948_0.jpg,1313329_1.jpg
36,1174936_0.jpg,1040854_0.jpg,49884_0.jpg,2234218_0.jpg,1963148_0.jpg,409025_0.jpg,2059631_0.jpg,1681432_0.jpg,422073_0.jpg,1313329_0.jpg
37,1180015_0.jpg,1180015_1.jpg,1046349_1.jpg,1046349_0.jpg,275199_0.jpg,773720_0.jpg,119506_0.jpg,1131012_0.jpg,1131012_1.jpg,359078_1.jpg
38,1180015_1.jpg,1180015_0.jpg,1046349_1.jpg,275199_0.jpg,1046349_0.jpg,773720_0.jpg,119506_0.jpg,359078_1.jpg,1131012_0.jpg,1131012_1.jpg
39,118313_0.jpg,273015_0.jpg,792542_0.jpg,2043138_0.jpg,792542_3.jpg,797428_1.jpg,2025719_0.jpg,2025719_1.jpg,958266_0.jpg,1260869_2.jpg
40,119506_0.jpg,773720_0.jpg,20730_1.jpg,656645_0.jpg,20730_0.jpg,877298_1.jpg,454575_0.jpg,460016_1.jpg,422073_3.jpg,1520546_3.jpg
41,1196521_0.jpg,2043138_3.jpg,2043138_2.jpg,273015_2.jpg,460016_1.jpg,1707110_2.jpg,273015_3.jpg,2043138_0.jpg,1260869_0.jpg,1352094_3.jpg
42,1199966_0.jpg,1199966_1.jpg,1199966_2.jpg,72326_0.jpg,1833356_0.jpg,460054_0.jpg,464681_0.jpg,709380_0.jpg,295981_0.jpg,359078_0.jpg
43,1199966_1.jpg,1199966_2.jpg,1199966_0.jpg,72326_0.jpg,1833356_0.jpg,460054_0.jpg,709380_0.jpg,359078_0.jpg,464681_0.jpg,295981_0.jpg
44,1199966_2.jpg,1199966_1.jpg,72326_0.jpg,1199966_0.jpg,1833356_0.jpg,709380_0.jpg,460054_0.jpg,359078_0.jpg,464681_0.jpg,328944_1.jpg
45,1199966_3.jpg,72326_1.jpg,1719926_1.jpg,328944_1.jpg,328944_0.jpg,43354_1.jpg,359078_0.jpg,1719926_0.jpg,1024602_0.jpg,971996_0.jpg
46,1202550_0.jpg,422073_0.jpg,1854940_0.jpg,344411_2.jpg,1313329_0.jpg,49884_0.jpg,1367680_0.jpg,1462896_0.jpg,1076893_1.jpg,1076893_0.jpg
47,1204454_0.jpg,230921_0.jpg,754391_0.jpg,1601936_0.jpg,2035896_0.jpg,273314_0.jpg,1363998_0.jpg,1381037_3.jpg,1381037_1.jpg,17518_0.jpg
48,1211240_0.jpg,1707110_1.jpg,263977_1.jpg,1576123_1.jpg,1679426_1.jpg,2249413_0.jpg,1420572_0.jpg,1579564_0.jpg,1707110_0.jpg,597665_0.jpg
49,1211240_1.jpg,736794_3.jpg,1520546_3.jpg,1056223_1.jpg,1390179_2.jpg,2032401_1.jpg,2092552_0.jpg,1985202_0.jpg,1520546_2.jpg,1352094_1.jpg
50,1212545_0.jpg,2043138_3.jpg,2043138_2.jpg,444101_3.jpg,273015_3.jpg,797428_1.jpg,1260869_1.jpg,1260869_2.jpg,1056223_1.jpg,1985202_0.jpg
51,1217793_0.jpg,351614_0.jpg,477211_2.jpg,351614_2.jpg,2059631_0.jpg,422073_1.jpg,946858_3.jpg,1217793_1.jpg,850206_1.jpg,1076893_1.jpg
52,1217793_1.jpg,351614_1.jpg,1202550_0.jpg,946858_1.jpg,409025_0.jpg,422073_0.jpg,1963148_0.jpg,1076893_0.jpg,1076893_1.jpg,946858_0.jpg
53,1217793_2.jpg,351614_3.jpg,1836045_1.jpg,1076893_1.jpg,1217793_1.jpg,1076893_0.jpg,1217793_0.jpg,1681432_0.jpg,449122_0.jpg,1963148_0.jpg
54,1217793_3.jpg,2059631_1.jpg,2059631_2.jpg,344411_1.jpg,1313329_1.jpg,422073_3.jpg,1629131_0.jpg,2025719_1.jpg,2025719_0.jpg,449122_0.jpg
55,124438_0.jpg,2007936_0.jpg,344411_2.jpg,883983_0.jpg,850206_0.jpg,422073_0.jpg,946858_0.jpg,1462896_0.jpg,1854940_0.jpg,1076893_0.jpg
56,1251344_0.jpg,2043138_3.jpg,2043138_2.jpg,36756_1.jpg,714841_0.jpg,30918_2.jpg,1740086_0.jpg,30918_0.jpg,1166708_0.jpg,273015_3.jpg
57,1258869_0.jpg,971996_0.jpg,2248498_0.jpg,698597_0.jpg,1024602_0.jpg,328944_1.jpg,328944_0.jpg,295981_1.jpg,1199966_0.jpg,359078_0.jpg
58,12600_0.jpg,2152132_0.jpg,1948024_0.jpg,404344_0.jpg,2115574_0.jpg,654408_0.jpg,328427_0.jpg,1755785_0.jpg,394246_0.jpg,1679426_1.jpg
59,1260869_0.jpg,1260869_2.jpg,36756_1.jpg,1000699_0.jpg,1260869_1.jpg,634439_0.jpg,2043138_3.jpg,273015_3.jpg,155579_1.jpg,102427_0.jpg
60,1260869_1.jpg,1260869_2.jpg,1260869_0.jpg,1212545_0.jpg,273015_3.jpg,36756_1.jpg,797428_1.jpg,2043138_0.jpg,460016_1.jpg,273015_0.jpg
61,1260869_2.jpg,1260869_1.jpg,1260869_0.jpg,273015_3.jpg,2043138_0.jpg,36756_1.jpg,118313_0.jpg,1212545_0.jpg,273015_0.jpg,460016_1.jpg
62,12688_0.jpg,12688_1.jpg,1854940_0.jpg,344411_2.jpg,1108503_0.jpg,1367680_0.jpg,295981_2.jpg,946858_1.jpg,1313329_0.jpg,2059631_0.jpg
63,12688_1.jpg,12688_0.jpg,1854940_0.jpg,1108503_0.jpg,344411_2.jpg,1367680_0.jpg,295981_2.jpg,946858_1.jpg,1199966_0.jpg,295981_0.jpg
64,127206_0.jpg,833884_0.jpg,557975_3.jpg,263581_0.jpg,2035896_0.jpg,1595808_0.jpg,49335_0.jpg,1080191_1.jpg,597665_0.jpg,36756_1.jpg
65,1275914_1.jpg,1275914_0.jpg,1275914_2.jpg,20730_1.jpg,797428_1.jpg,49335_1.jpg,792542_2.jpg,2032401_1.jpg,228851_1.jpg,1056223_1.jpg
66,1275914_1.jpg,1275914_0.jpg,1275914_2.jpg,20730_1.jpg,797428_1.jpg,49335_1.jpg,792542_2.jpg,2032401_1.jpg,228851_1.jpg,1056223_1.jpg
67,1275914_1.jpg,1275914_0.jpg,1275914_2.jpg,20730_1.jpg,797428_1.jpg,49335_1.jpg,792542_2.jpg,2032401_1.jpg,228851_1.jpg,1056223_1.jpg
68,1284488_0.jpg,942620_1.jpg,1313329_1.jpg,1352094_1.jpg,942620_0.jpg,512673_0.jpg,1727476_0.jpg,388175_0.jpg,180920_0.jpg,1982544_3.jpg
69,1292390_0.jpg,273314_0.jpg,2200451_0.jpg,754391_0.jpg,230921_0.jpg,1601936_0.jpg,17518_0.jpg,1363998_0.jpg,1381037_1.jpg,1381037_0.jpg
70,1313329_0.jpg,344411_2.jpg,1040854_0.jpg,422073_0.jpg,1854940_0.jpg,1174936_0.jpg,1202550_0.jpg,49884_0.jpg,2234218_0.jpg,409025_0.jpg
71,1313329_1.jpg,422073_3.jpg,1217793_3.jpg,2059631_2.jpg,344411_1.jpg,2025719_0.jpg,2059631_1.jpg,2025719_1.jpg,1629131_0.jpg,35231_0.jpg
72,1313329_2.jpg,422073_1.jpg,755747_0.jpg,946858_2.jpg,1199966_0.jpg,316035_0.jpg,189586_0.jpg,469757_0.jpg,464681_0.jpg,1313329_3.jpg
73,1313329_3.jpg,189586_0.jpg,1907704_0.jpg,1313329_0.jpg,806175_0.jpg,1854940_0.jpg,49884_0.jpg,1174936_0.jpg,1963148_0.jpg,755747_0.jpg
74,1319162_0.jpg,1496852_0.jpg,34762_2.jpg,1590116_1.jpg,454575_1.jpg,351614_2.jpg,1590116_0.jpg,101332_0.jpg,101332_1.jpg,1601936_2.jpg
75,1319162_1.jpg,196819_3.jpg,1954967_2.jpg,656645_0.jpg,9905_1.jpg,181781_1.jpg,34762_1.jpg,1679426_0.jpg,454575_0.jpg,1376156_1.jpg
76,1323502_0.jpg,1323502_3.jpg,557975_2.jpg,2240285_1.jpg,1590116_0.jpg,2240285_0.jpg,183355_0.jpg,36756_3.jpg,1344607_2.jpg,91902_1.jpg
77,1323502_1.jpg,2043138_2.jpg,263581_0.jpg,38983_0.jpg,1056223_0.jpg,1595808_0.jpg,91902_1.jpg,797428_0.jpg,1342280_3.jpg,1344607_2.jpg
78,1323502_2.jpg,2010464_1.jpg,1360443_0.jpg,183355_0.jpg,2219063_3.jpg,2219063_2.jpg,17518_3.jpg,805537_0.jpg,273015_0.jpg,17518_0.jpg
79,1323502_3.jpg,1595808_1.jpg,2240285_0.jpg,2219063_1.jpg,91902_0.jpg,1595808_3.jpg,1590116_2.jpg,1342280_3.jpg,1824647_0.jpg,17518_2.jpg
80,1342280_0.jpg,1595808_0.jpg,1140265_0.jpg,394246_0.jpg,228851_1.jpg,1056223_1.jpg,1342280_3.jpg,91902_1.jpg,609182_1.jpg,1211240_1.jpg
81,1342280_1.jpg,1595808_3.jpg,1342280_3.jpg,2043138_1.jpg,835212_1.jpg,273015_1.jpg,228851_1.jpg,1342280_0.jpg,1166708_0.jpg,557975_1.jpg
82,1342280_2.jpg,835212_0.jpg,1062123_1.jpg,1056223_0.jpg,1056039_1.jpg,2265152_0.jpg,1342280_3.jpg,1342280_1.jpg,2265152_1.jpg,664385_0.jpg
83,1342280_3.jpg,273015_3.jpg,1595808_0.jpg,2043138_2.jpg,228851_1.jpg,797428_2.jpg,263581_0.jpg,460016_1.jpg,1056223_1.jpg,1352094_1.jpg
84,1344607_0.jpg,2025719_0.jpg,2025719_1.jpg,1963148_1.jpg,2126042_1.jpg,454575_0.jpg,569765_2.jpg,781783_1.jpg,781783_0.jpg,2126042_0.jpg
85,1344607_1.jpg,1491382_2.jpg,359078_1.jpg,1344607_2.jpg,1251344_0.jpg,2043138_2.jpg,1963148_1.jpg,20730_1.jpg,877298_0.jpg,835212_2.jpg
86,1344607_2.jpg,2043138_2.jpg,273015_3.jpg,2043138_3.jpg,38983_0.jpg,1056223_1.jpg,569765_3.jpg,36756_1.jpg,460016_1.jpg,1251344_0.jpg
87,1352094_0.jpg,942620_0.jpg,1352094_1.jpg,512673_0.jpg,1917423_0.jpg,912664_0.jpg,781783_2.jpg,830143_0.jpg,1773371_0.jpg,797428_1.jpg
88,1352094_1.jpg,388175_0.jpg,388175_1.jpg,1352094_0.jpg,228851_1.jpg,49335_0.jpg,1056223_1.jpg,1985202_1.jpg,797428_1.jpg,942620_0.jpg
89,1352094_2.jpg,1352094_3.jpg,460016_1.jpg,33220_1.jpg,2043138_3.jpg,1367906_2.jpg,1342280_3.jpg,1836045_2.jpg,21857_2.jpg,228851_1.jpg
90,1352094_3.jpg,1352094_2.jpg,2043138_3.jpg,33220_1.jpg,2043138_2.jpg,1056223_1.jpg,20730_0.jpg,460016_1.jpg,1751888_0.jpg,714841_0.jpg
91,1360443_0.jpg,958266_0.jpg,1478575_0.jpg,2059631_1.jpg,2059631_2.jpg,449122_0.jpg,1174936_0.jpg,1590305_0.jpg,1824647_1.jpg,344411_1.jpg
92,1360443_1.jpg,2219063_1.jpg,684408_0.jpg,1824647_0.jpg,194493_0.jpg,194493_1.jpg,1367680_0.jpg,1601936_3.jpg,316035_1.jpg,2219063_2.jpg
93,1360443_2.jpg,1824647_1.jpg,1462896_0.jpg,20730_2.jpg,1824647_2.jpg,958266_0.jpg,1824647_3.jpg,183355_0.jpg,344411_2.jpg,970552_1.jpg
94,1360443_3.jpg,1360443_0.jpg,49884_0.jpg,422073_3.jpg,2059631_0.jpg,422073_0.jpg,344411_0.jpg,958266_0.jpg,344411_1.jpg,2234218_0.jpg
95,1361372_0.jpg,877298_1.jpg,454575_0.jpg,1629131_0.jpg,656645_0.jpg,2059631_1.jpg,1217793_3.jpg,469757_0.jpg,316035_0.jpg,1740086_0.jpg
96,1363998_0.jpg,144525_0.jpg,230921_0.jpg,144525_1.jpg,273314_0.jpg,1292390_0.jpg,754391_0.jpg,1601936_0.jpg,1204454_0.jpg,17518_0.jpg
97,1367211_0.jpg,616644_0.jpg,1954967_1.jpg,1727476_0.jpg,451241_0.jpg,942620_0.jpg,1352094_1.jpg,1080191_1.jpg,1352094_0.jpg,912664_0.jpg
98,1367680_0.jpg,1202550_0.jpg,1854940_0.jpg,2214632_0.jpg,49884_0.jpg,1313329_0.jpg,946858_1.jpg,946858_0.jpg,1174936_0.jpg,806175_0.jpg
99,1367906_0.jpg,1367906_3.jpg,1367906_1.jpg,49335_0.jpg,49335_1.jpg,1080191_1.jpg,36756_1.jpg,273015_3.jpg,1963148_1.jpg,835212_3.jpg
100,1367906_1.jpg,1367906_0.jpg,1367906_3.jpg,451241_0.jpg,674194_1.jpg,1166708_0.jpg,1727476_0.jpg,36756_1.jpg,2219063_0.jpg,1381037_0.jpg
101,1367906_2.jpg,1367906_3.jpg,1352094_2.jpg,1367906_0.jpg,714841_0.jpg,36756_1.jpg,1352094_3.jpg,1520546_1.jpg,2240285_1.jpg,33220_0.jpg
102,1367906_3.jpg,1367906_0.jpg,1367906_2.jpg,1367906_1.jpg,273015_2.jpg,714841_0.jpg,36756_1.jpg,1352094_2.jpg,1056223_0.jpg,460016_1.jpg
103,1376156_0.jpg,1376156_1.jpg,34762_0.jpg,792542_2.jpg,1381037_2.jpg,1344607_0.jpg,1363998_0.jpg,792542_0.jpg,792542_3.jpg,1361372_0.jpg
104,1376156_1.jpg,1376156_0.jpg,1381037_2.jpg,34762_0.jpg,1363998_0.jpg,124438_0.jpg,1590116_1.jpg,505425_0.jpg,1056039_0.jpg,1217793_2.jpg
105,1381037_0.jpg,17518_0.jpg,1601936_0.jpg,1381037_1.jpg,230921_0.jpg,754391_0.jpg,2200451_0.jpg,273314_0.jpg,183355_0.jpg,1292390_0.jpg
106,1381037_1.jpg,1601936_0.jpg,17518_0.jpg,1381037_0.jpg,754391_0.jpg,273314_0.jpg,230921_0.jpg,1381037_3.jpg,183355_0.jpg,1292390_0.jpg
107,1381037_2.jpg,230921_0.jpg,1363998_0.jpg,1204454_0.jpg,1982544_1.jpg,1381037_3.jpg,34762_1.jpg,1376156_0.jpg,34762_0.jpg,144525_0.jpg
108,1381037_3.jpg,1381037_1.jpg,754391_0.jpg,1204454_0.jpg,273314_0.jpg,183355_0.jpg,230921_0.jpg,1363998_0.jpg,1601936_0.jpg,17518_0.jpg
109,1390179_2.jpg,2092552_0.jpg,1211240_1.jpg,634439_0.jpg,1352094_1.jpg,1520546_2.jpg,1520546_3.jpg,327032_0.jpg,2153201_0.jpg,35231_1.jpg
110,1396752_0.jpg,739325_0.jpg,1625168_0.jpg,2018843_0.jpg,619948_0.jpg,2152132_0.jpg,736794_3.jpg,2025719_0.jpg,1046233_0.jpg,1520546_2.jpg
111,1396752_1.jpg,1211240_1.jpg,1473075_1.jpg,328427_0.jpg,1396752_0.jpg,1056223_1.jpg,1870484_0.jpg,619948_0.jpg,1625168_1.jpg,2152132_0.jpg
112,1418639_0.jpg,2152132_0.jpg,12600_0.jpg,1576123_1.jpg,1679426_1.jpg,2115574_0.jpg,1707110_1.jpg,1948024_0.jpg,404344_0.jpg,766234_0.jpg
113,1418639_1.jpg,1418639_0.jpg,1360443_0.jpg,835212_2.jpg,2115574_0.jpg,569765_3.jpg,569765_0.jpg,736794_0.jpg,1679426_0.jpg,1260869_2.jpg
114,1418639_2.jpg,766234_0.jpg,2178468_0.jpg,1418639_0.jpg,2152132_0.jpg,1679426_1.jpg,12600_0.jpg,654408_0.jpg,1491382_2.jpg,328427_0.jpg
115,1420572_0.jpg,1576123_1.jpg,1679426_1.jpg,766234_0.jpg,1579564_0.jpg,263977_1.jpg,1211240_0.jpg,2249413_0.jpg,1576123_0.jpg,1707110_1.jpg
116,1422091_0.jpg,1579564_0.jpg,1707110_1.jpg,263977_1.jpg,1211240_0.jpg,1576123_1.jpg,2249413_0.jpg,597665_0.jpg,2087717_0.jpg,1679426_1.jpg
117,144525_0.jpg,144525_1.jpg,1363998_0.jpg,754391_0.jpg,230921_0.jpg,273314_0.jpg,1204454_0.jpg,1601936_0.jpg,1292390_0.jpg,183355_0.jpg
118,144525_1.jpg,144525_0.jpg,1363998_0.jpg,1204454_0.jpg,230921_0.jpg,754391_0.jpg,1381037_2.jpg,273314_0.jpg,1292390_0.jpg,183355_0.jpg
119,144525_2.jpg,144525_3.jpg,684408_2.jpg,1204454_0.jpg,34762_2.jpg,2035896_0.jpg,230921_0.jpg,261890_1.jpg,1590116_0.jpg,101332_0.jpg
120,144525_3.jpg,144525_2.jpg,230921_0.jpg,1590116_0.jpg,1204454_0.jpg,2035896_0.jpg,1381037_2.jpg,1693803_0.jpg,101332_0.jpg,101332_1.jpg
121,1462896_0.jpg,344411_2.jpg,2059631_0.jpg,2214632_0.jpg,422073_0.jpg,1202550_0.jpg,49884_0.jpg,1174936_0.jpg,946858_0.jpg,946858_1.jpg
122,1473075_0.jpg,1473075_1.jpg,328427_0.jpg,734879_1.jpg,734879_0.jpg,275199_0.jpg,2008369_0.jpg,1046233_0.jpg,460016_1.jpg,1679426_0.jpg
123,1473075_1.jpg,1473075_0.jpg,619948_1.jpg,734879_1.jpg,734879_0.jpg,328427_0.jpg,2008369_0.jpg,868312_0.jpg,1170894_0.jpg,2008369_1.jpg
124,1478575_0.jpg,958266_0.jpg,344411_1.jpg,451241_0.jpg,422073_3.jpg,2059631_1.jpg,1360443_0.jpg,2234218_0.jpg,2059631_2.jpg,118313_0.jpg
125,1491382_0.jpg,593186_1.jpg,2128367_0.jpg,428087_0.jpg,1138838_0.jpg,102427_0.jpg,155579_0.jpg,634439_0.jpg,718182_0.jpg,155579_1.jpg
126,1491382_1.jpg,1985202_0.jpg,1576123_1.jpg,766234_0.jpg,49335_0.jpg,2249413_0.jpg,2152132_0.jpg,345278_1.jpg,155579_0.jpg,393342_0.jpg
127,1491382_2.jpg,328427_0.jpg,1344607_1.jpg,766234_0.jpg,1755785_0.jpg,359078_1.jpg,1679426_1.jpg,2152132_0.jpg,1679426_0.jpg,43354_2.jpg
128,1496852_0.jpg,34762_2.jpg,454575_1.jpg,1590116_1.jpg,1319162_0.jpg,101332_1.jpg,101332_0.jpg,1204454_0.jpg,2035896_0.jpg,251394_3.jpg
129,1496852_1.jpg,33220_2.jpg,33220_0.jpg,21857_2.jpg,33220_1.jpg,1590116_1.jpg,1496852_0.jpg,1590116_3.jpg,34762_2.jpg,454575_1.jpg
130,1496852_2.jpg,1313329_1.jpg,454575_0.jpg,2059631_2.jpg,422073_3.jpg,451241_0.jpg,1217793_3.jpg,2059631_1.jpg,1108438_0.jpg,664385_1.jpg
131,1515507_0.jpg,1755785_0.jpg,2178068_0.jpg,654408_0.jpg,483986_0.jpg,2178468_0.jpg,524188_0.jpg,2152132_0.jpg,2178068_2.jpg,404344_0.jpg
132,1515507_1.jpg,2178068_1.jpg,2178068_2.jpg,1755785_1.jpg,597665_0.jpg,345278_1.jpg,394246_0.jpg,1887053_2.jpg,1887053_0.jpg,1887053_1.jpg
133,1520546_0.jpg,1520546_1.jpg,1836045_2.jpg,736794_2.jpg,316035_1.jpg,714841_0.jpg,1982544_1.jpg,1824647_2.jpg,1131012_0.jpg,20730_0.jpg
134,1520546_1.jpg,1520546_0.jpg,1520546_2.jpg,1520546_3.jpg,714841_0.jpg,460016_1.jpg,1982544_1.jpg,736794_0.jpg,1131012_0.jpg,1131012_1.jpg
135,1520546_2.jpg,1520546_3.jpg,269621_1.jpg,1520546_1.jpg,460016_1.jpg,702029_0.jpg,736794_3.jpg,1056223_1.jpg,736794_1.jpg,2043138_2.jpg
136,1520546_3.jpg,1520546_2.jpg,269621_3.jpg,269621_1.jpg,269621_0.jpg,773720_0.jpg,1056223_1.jpg,1211240_1.jpg,460016_1.jpg,736794_1.jpg
137,155579_0.jpg,155579_1.jpg,1138838_0.jpg,428087_0.jpg,228851_0.jpg,2153201_0.jpg,2128367_0.jpg,718182_0.jpg,327032_0.jpg,49335_0.jpg
138,155579_1.jpg,155579_0.jpg,1138838_0.jpg,228851_0.jpg,2128367_0.jpg,718182_0.jpg,428087_0.jpg,634439_0.jpg,2153201_0.jpg,102427_0.jpg
139,1562210_0.jpg,1697507_0.jpg,2234218_0.jpg,1040854_0.jpg,1174936_0.jpg,422073_0.jpg,850206_0.jpg,344411_2.jpg,1313329_0.jpg,1854940_0.jpg
140,1576123_0.jpg,1576123_1.jpg,1707110_0.jpg,1679426_0.jpg,263977_0.jpg,2152132_0.jpg,404344_0.jpg,1707110_1.jpg,1948024_0.jpg,2115574_0.jpg
141,1576123_1.jpg,1707110_1.jpg,1576123_0.jpg,1579564_0.jpg,263977_1.jpg,1420572_0.jpg,2152132_0.jpg,2115574_0.jpg,1679426_1.jpg,2249413_0.jpg
142,1576123_2.jpg,1707110_2.jpg,1707110_1.jpg,1381037_2.jpg,1707110_0.jpg,238697_2.jpg,664385_2.jpg,1907704_0.jpg,877298_1.jpg,263977_1.jpg
143,1579564_0.jpg,1576123_1.jpg,263977_1.jpg,2249413_0.jpg,1707110_1.jpg,1422091_0.jpg,1679426_1.jpg,1420572_0.jpg,1211240_0.jpg,766234_0.jpg
144,1582796_0.jpg,2034696_0.jpg,1833356_0.jpg,359078_0.jpg,328944_1.jpg,328944_0.jpg,1024602_0.jpg,2034696_1.jpg,805537_1.jpg,295981_1.jpg
145,1590116_0.jpg,454575_1.jpg,34762_2.jpg,2035896_0.jpg,1590116_1.jpg,101332_1.jpg,101332_0.jpg,1590116_2.jpg,34762_1.jpg,782528_0.jpg
146,1590116_1.jpg,454575_1.jpg,251394_3.jpg,101332_1.jpg,101332_0.jpg,1496852_0.jpg,2035896_0.jpg,34762_2.jpg,1590116_0.jpg,34762_0.jpg
147,1590116_2.jpg,428087_0.jpg,2035896_0.jpg,1590116_0.jpg,1381037_2.jpg,228851_0.jpg,155579_0.jpg,388175_0.jpg,34762_2.jpg,1204454_0.jpg
148,1590116_3.jpg,1080191_0.jpg,597665_0.jpg,49335_0.jpg,227995_0.jpg,1080191_1.jpg,1751888_0.jpg,49335_1.jpg,292676_0.jpg,1381037_1.jpg
149,1590305_0.jpg,883983_0.jpg,1689520_1.jpg,1689520_0.jpg,1963148_0.jpg,1174936_0.jpg,1681432_0.jpg,409025_0.jpg,449122_0.jpg,1040854_0.jpg
150,1595084_0.jpg,449122_0.jpg,1217793_3.jpg,970552_1.jpg,970552_0.jpg,2232140_0.jpg,2059631_1.jpg,1381037_0.jpg,2234218_0.jpg,2025719_1.jpg
151,1595808_0.jpg,1342280_3.jpg,2043138_2.jpg,38983_0.jpg,2043138_3.jpg,273015_3.jpg,444101_3.jpg,797428_2.jpg,1140265_0.jpg,263581_0.jpg
152,1595808_1.jpg,1323502_3.jpg,2219063_1.jpg,1595808_3.jpg,2265152_1.jpg,2265152_0.jpg,263581_0.jpg,1342280_0.jpg,1056223_0.jpg,1342280_3.jpg
153,1595808_2.jpg,17518_2.jpg,1601936_2.jpg,2219063_3.jpg,1601936_1.jpg,17518_1.jpg,1590116_0.jpg,2073127_0.jpg,17518_3.jpg,1601936_3.jpg
154,1595808_3.jpg,91902_0.jpg,2043138_2.jpg,2240285_0.jpg,1595808_0.jpg,557975_1.jpg,557975_0.jpg,2043138_3.jpg,2265152_1.jpg,1342280_1.jpg
155,1601936_0.jpg,17518_0.jpg,754391_0.jpg,1381037_0.jpg,1381037_1.jpg,273314_0.jpg,230921_0.jpg,1292390_0.jpg,2200451_0.jpg,1204454_0.jpg
156,1601936_1.jpg,17518_1.jpg,17518_3.jpg,1601936_3.jpg,1601936_2.jpg,2219063_3.jpg,17518_2.jpg,1595808_2.jpg,1204454_0.jpg,2219063_1.jpg
157,1601936_2.jpg,17518_2.jpg,1601936_1.jpg,1601936_3.jpg,17518_3.jpg,17518_1.jpg,1595808_2.jpg,2219063_3.jpg,144525_2.jpg,144525_3.jpg
158,1601936_3.jpg,17518_3.jpg,1601936_1.jpg,17518_1.jpg,1601936_2.jpg,2219063_3.jpg,17518_2.jpg,2219063_2.jpg,1204454_0.jpg,1595808_2.jpg
159,1625168_0.jpg,739325_0.jpg,1396752_0.jpg,1046233_0.jpg,263977_2.jpg,35231_1.jpg,2008369_0.jpg,619948_0.jpg,755747_0.jpg,1170894_0.jpg
160,1625168_1.jpg,739325_1.jpg,2008369_1.jpg,619948_1.jpg,1170894_1.jpg,1170894_0.jpg,2008369_0.jpg,868312_0.jpg,619948_0.jpg,1520546_2.jpg
161,1629131_0.jpg,755747_0.jpg,469757_0.jpg,316035_0.jpg,270183_0.jpg,9905_0.jpg,181781_0.jpg,238697_1.jpg,189586_0.jpg,656645_0.jpg
162,196819_1.jpg,1629131_1.jpg,196819_3.jpg,293130_2.jpg,822775_2.jpg,1046349_0.jpg,1046349_1.jpg,1313329_2.jpg,877298_0.jpg,275199_0.jpg
163,1629131_2.jpg,1629131_0.jpg,422073_1.jpg,35231_0.jpg,1836045_1.jpg,35231_1.jpg,119506_0.jpg,196819_3.jpg,656645_0.jpg,196819_0.jpg
164,1662376_0.jpg,1131012_1.jpg,1131012_0.jpg,609182_1.jpg,394246_0.jpg,1520546_2.jpg,736794_3.jpg,1046349_1.jpg,1520546_3.jpg,1046349_0.jpg
165,1679426_0.jpg,1679426_1.jpg,1576123_0.jpg,1707110_0.jpg,766234_0.jpg,328427_0.jpg,404344_0.jpg,2152132_0.jpg,263977_0.jpg,1948024_0.jpg
166,1679426_1.jpg,1679426_0.jpg,2249413_0.jpg,766234_0.jpg,404344_0.jpg,2152132_0.jpg,1707110_1.jpg,328427_0.jpg,12600_0.jpg,1948024_0.jpg
167,1681432_0.jpg,2059631_0.jpg,1174936_0.jpg,49884_0.jpg,1076893_1.jpg,1689520_2.jpg,422073_0.jpg,1963148_0.jpg,1076893_0.jpg,1040854_0.jpg
168,1689520_0.jpg,1689520_1.jpg,1689520_2.jpg,1590305_0.jpg,1963148_0.jpg,422073_0.jpg,2007936_0.jpg,946858_1.jpg,1681432_0.jpg,946858_0.jpg
169,1689520_1.jpg,1689520_0.jpg,1689520_2.jpg,1590305_0.jpg,1963148_0.jpg,1681432_0.jpg,1076893_0.jpg,409025_0.jpg,946858_1.jpg,422073_0.jpg
170,1689520_2.jpg,1689520_1.jpg,1689520_0.jpg,1681432_0.jpg,1076893_1.jpg,1076893_0.jpg,344411_2.jpg,1590305_0.jpg,422073_0.jpg,2007936_0.jpg
171,1693803_0.jpg,1562210_0.jpg,1982544_2.jpg,2234218_0.jpg,958266_0.jpg,1824647_1.jpg,1697507_0.jpg,1040854_0.jpg,1854940_0.jpg,1982544_0.jpg
172,1697507_0.jpg,1562210_0.jpg,1174936_0.jpg,49884_0.jpg,1040854_0.jpg,1313329_0.jpg,2234218_0.jpg,422073_0.jpg,1963148_0.jpg,344411_2.jpg
173,1707110_0.jpg,1707110_1.jpg,1576123_0.jpg,1679426_0.jpg,263977_0.jpg,1211240_0.jpg,404344_0.jpg,1948024_0.jpg,1576123_1.jpg,1579564_0.jpg
174,1707110_1.jpg,1576123_1.jpg,1707110_0.jpg,263977_1.jpg,1211240_0.jpg,1579564_0.jpg,1679426_1.jpg,2249413_0.jpg,1576123_0.jpg,2115574_0.jpg
175,1707110_2.jpg,1576123_2.jpg,1707110_1.jpg,1707110_0.jpg,1361372_0.jpg,1260869_0.jpg,1381037_2.jpg,263977_2.jpg,263977_1.jpg,263977_0.jpg
176,1719926_0.jpg,295981_0.jpg,1833356_0.jpg,1719926_1.jpg,328944_1.jpg,328944_0.jpg,464681_0.jpg,1199966_0.jpg,709380_0.jpg,295981_2.jpg
177,1719926_1.jpg,72326_1.jpg,1719926_0.jpg,1199966_3.jpg,43354_1.jpg,328944_0.jpg,328944_1.jpg,1024602_0.jpg,295981_1.jpg,295981_3.jpg
178,1727476_0.jpg,942620_1.jpg,512673_0.jpg,833884_0.jpg,634439_0.jpg,2153201_0.jpg,839474_0.jpg,1108438_0.jpg,388175_1.jpg,1367211_0.jpg
179,1740086_0.jpg,30918_2.jpg,30918_0.jpg,1251344_0.jpg,1361372_0.jpg,755747_0.jpg,2043138_2.jpg,702029_0.jpg,1982544_1.jpg,877298_1.jpg
180,30918_1.jpg,1740086_1.jpg,1740086_0.jpg,597665_0.jpg,228851_1.jpg,1056223_1.jpg,30918_2.jpg,1376156_0.jpg,444101_2.jpg,1590116_2.jpg
181,1751888_0.jpg,1080191_0.jpg,49335_0.jpg,597665_0.jpg,49335_1.jpg,404344_0.jpg,1948024_0.jpg,228851_1.jpg,1080191_1.jpg,2249413_0.jpg
182,17518_0.jpg,1601936_0.jpg,1381037_0.jpg,1381037_1.jpg,754391_0.jpg,273314_0.jpg,230921_0.jpg,2200451_0.jpg,1292390_0.jpg,1363998_0.jpg
183,17518_1.jpg,1601936_1.jpg,17518_3.jpg,1601936_3.jpg,17518_2.jpg,2219063_3.jpg,1601936_2.jpg,1595808_2.jpg,1204454_0.jpg,2219063_1.jpg
184,17518_2.jpg,1601936_2.jpg,17518_1.jpg,1601936_1.jpg,1595808_2.jpg,17518_3.jpg,1601936_3.jpg,2219063_3.jpg,1590116_0.jpg,1496852_0.jpg
185,17518_3.jpg,1601936_3.jpg,1601936_1.jpg,17518_1.jpg,2219063_3.jpg,1601936_2.jpg,17518_2.jpg,1595808_2.jpg,1204454_0.jpg,2219063_2.jpg
186,1755785_0.jpg,2178068_0.jpg,1515507_0.jpg,483986_0.jpg,654408_0.jpg,524188_0.jpg,1870484_0.jpg,2152132_0.jpg,12600_0.jpg,2178468_0.jpg
187,1755785_1.jpg,2178068_1.jpg,2178068_2.jpg,1515507_1.jpg,654408_0.jpg,2178068_0.jpg,1515507_0.jpg,2178468_0.jpg,394246_0.jpg,404344_1.jpg
188,1773371_0.jpg,830143_0.jpg,912664_0.jpg,942620_0.jpg,512673_0.jpg,1352094_1.jpg,1352094_0.jpg,1727476_0.jpg,1985202_1.jpg,460016_0.jpg
189,1807172_0.jpg,1199966_1.jpg,295981_0.jpg,464681_0.jpg,1199966_0.jpg,1199966_2.jpg,709380_0.jpg,295981_2.jpg,72326_0.jpg,1833356_0.jpg
190,180920_0.jpg,942620_1.jpg,1982544_3.jpg,345278_3.jpg,316035_0.jpg,454575_0.jpg,656645_0.jpg,451241_0.jpg,839474_0.jpg,1284488_0.jpg
191,9905_0.jpg,181781_0.jpg,1629131_0.jpg,755747_0.jpg,469757_0.jpg,316035_0.jpg,238697_1.jpg,189586_0.jpg,270183_0.jpg,656645_0.jpg
192,181781_1.jpg,9905_1.jpg,469757_0.jpg,755747_0.jpg,316035_0.jpg,234201_0.jpg,189586_0.jpg,656645_0.jpg,1629131_0.jpg,773720_0.jpg
193,1824647_0.jpg,1824647_1.jpg,1824647_3.jpg,1836045_0.jpg,674194_0.jpg,1381037_0.jpg,273314_0.jpg,1376156_0.jpg,351614_2.jpg,674194_1.jpg
194,1824647_1.jpg,20730_2.jpg,449122_0.jpg,344411_2.jpg,883983_0.jpg,124438_0.jpg,1824647_3.jpg,409025_0.jpg,1462896_0.jpg,1824647_2.jpg
195,1824647_2.jpg,124438_0.jpg,1824647_1.jpg,1836045_1.jpg,20730_0.jpg,958266_0.jpg,344411_2.jpg,1217793_2.jpg,883983_0.jpg,1076893_0.jpg
196,1824647_3.jpg,1824647_1.jpg,1381037_3.jpg,674194_0.jpg,1046349_0.jpg,1046349_1.jpg,1381037_1.jpg,1381037_0.jpg,674194_1.jpg,20730_2.jpg
197,1833356_0.jpg,72326_0.jpg,1199966_0.jpg,1199966_2.jpg,1199966_1.jpg,464681_0.jpg,328944_0.jpg,328944_1.jpg,1719926_0.jpg,1024602_0.jpg
198,183355_0.jpg,1381037_0.jpg,2200451_0.jpg,1381037_1.jpg,17518_0.jpg,1381037_3.jpg,754391_0.jpg,273314_0.jpg,1292390_0.jpg,1363998_0.jpg
199,1836045_0.jpg,1907704_0.jpg,422073_3.jpg,9905_0.jpg,181781_0.jpg,351614_1.jpg,1836045_1.jpg,189586_0.jpg,1629131_0.jpg,1824647_2.jpg
200,1836045_1.jpg,1629131_0.jpg,2018843_0.jpg,2018843_3.jpg,2018843_2.jpg,2018843_1.jpg,958266_0.jpg,1907704_0.jpg,1217793_2.jpg,736794_1.jpg
201,1836045_2.jpg,2043138_3.jpg,714841_0.jpg,2043138_2.jpg,1056039_1.jpg,20730_0.jpg,797428_1.jpg,460016_1.jpg,273015_0.jpg,91902_1.jpg
202,1854940_0.jpg,344411_2.jpg,1313329_0.jpg,1202550_0.jpg,850206_0.jpg,422073_0.jpg,1174936_0.jpg,1367680_0.jpg,409025_0.jpg,1040854_0.jpg
203,1855762_0.jpg,1212545_0.jpg,714841_0.jpg,2043138_3.jpg,263977_2.jpg,989685_0.jpg,989685_1.jpg,273015_3.jpg,942620_1.jpg,821201_0.jpg
204,1870484_0.jpg,524188_0.jpg,1755785_0.jpg,328427_0.jpg,483986_0.jpg,2178068_0.jpg,1056223_1.jpg,766234_0.jpg,2152132_0.jpg,393342_0.jpg
205,1887053_1.jpg,1887053_0.jpg,1887053_2.jpg,1985202_0.jpg,1917423_0.jpg,49335_0.jpg,1515507_1.jpg,597665_0.jpg,345278_0.jpg,444101_0.jpg
206,1887053_1.jpg,1887053_0.jpg,1887053_2.jpg,1985202_0.jpg,1917423_0.jpg,49335_0.jpg,1515507_1.jpg,597665_0.jpg,345278_0.jpg,444101_0.jpg
207,1887053_1.jpg,1887053_0.jpg,1887053_2.jpg,1985202_0.jpg,1917423_0.jpg,49335_0.jpg,1515507_1.jpg,597665_0.jpg,345278_0.jpg,444101_0.jpg
208,189586_0.jpg,1907704_0.jpg,1629131_0.jpg,755747_0.jpg,469757_0.jpg,270183_0.jpg,1313329_3.jpg,1313329_0.jpg,1854940_0.jpg,316035_0.jpg
209,1907704_0.jpg,189586_0.jpg,1313329_0.jpg,270183_0.jpg,1313329_3.jpg,755747_0.jpg,263977_2.jpg,1629131_0.jpg,1854940_0.jpg,877298_1.jpg
210,1917423_0.jpg,1887053_0.jpg,1887053_2.jpg,1887053_1.jpg,1352094_0.jpg,345278_0.jpg,720789_0.jpg,720789_1.jpg,1985202_0.jpg,1352094_1.jpg
211,192228_0.jpg,464681_0.jpg,1024602_0.jpg,328944_0.jpg,328944_1.jpg,609182_0.jpg,1807172_0.jpg,1833356_0.jpg,971996_0.jpg,295981_1.jpg
212,1927608_0.jpg,228851_0.jpg,634439_0.jpg,2153201_0.jpg,428087_0.jpg,718182_0.jpg,969013_0.jpg,1054120_0.jpg,1000699_0.jpg,228851_1.jpg
213,194493_0.jpg,194493_1.jpg,52536_3.jpg,674194_1.jpg,1367211_0.jpg,674194_0.jpg,181781_0.jpg,9905_0.jpg,52536_2.jpg,101332_1.jpg
214,194493_1.jpg,194493_0.jpg,52536_3.jpg,674194_1.jpg,674194_0.jpg,1367211_0.jpg,181781_0.jpg,9905_0.jpg,101332_1.jpg,52536_1.jpg
215,1948024_0.jpg,404344_0.jpg,12600_0.jpg,2152132_0.jpg,2115574_0.jpg,49335_1.jpg,597665_0.jpg,49335_0.jpg,228851_1.jpg,1080191_1.jpg
216,1954967_0.jpg,684408_1.jpg,1824647_0.jpg,684408_2.jpg,1824647_3.jpg,754391_0.jpg,1381037_1.jpg,273314_0.jpg,1462896_0.jpg,2035896_0.jpg
217,1954967_1.jpg,1954967_3.jpg,1367211_0.jpg,388175_1.jpg,388175_0.jpg,155579_0.jpg,1352094_1.jpg,616644_0.jpg,49335_0.jpg,1836045_1.jpg
218,1954967_2.jpg,1954967_3.jpg,797428_1.jpg,797428_0.jpg,1985202_1.jpg,792542_3.jpg,792542_0.jpg,118313_0.jpg,792542_2.jpg,2018843_0.jpg
219,1954967_3.jpg,1954967_1.jpg,1954967_2.jpg,1836045_1.jpg,388175_0.jpg,1313329_1.jpg,20730_3.jpg,388175_1.jpg,35231_1.jpg,422073_3.jpg
220,1963148_0.jpg,1174936_0.jpg,409025_0.jpg,1681432_0.jpg,49884_0.jpg,1076893_0.jpg,1689520_1.jpg,1590305_0.jpg,1040854_0.jpg,806175_0.jpg
221,1963148_1.jpg,1344607_0.jpg,1985202_1.jpg,2018843_0.jpg,344411_1.jpg,119506_0.jpg,49335_0.jpg,474086_0.jpg,2025719_0.jpg,877298_1.jpg
222,196819_0.jpg,839474_0.jpg,35231_1.jpg,327032_0.jpg,454575_0.jpg,1313329_1.jpg,422073_3.jpg,35231_0.jpg,1344607_0.jpg,656645_0.jpg
223,196819_1.jpg,1629131_1.jpg,196819_3.jpg,293130_2.jpg,822775_2.jpg,1046349_0.jpg,1046349_1.jpg,1313329_2.jpg,877298_0.jpg,275199_0.jpg
224,196819_2.jpg,1352094_2.jpg,797428_2.jpg,839474_1.jpg,345278_1.jpg,569765_2.jpg,2126042_2.jpg,394246_0.jpg,292676_0.jpg,839474_2.jpg
225,196819_3.jpg,1679426_1.jpg,1629131_2.jpg,1515507_1.jpg,1679426_0.jpg,1140265_0.jpg,2018843_0.jpg,189586_0.jpg,1629131_0.jpg,1420572_0.jpg
226,1982544_0.jpg,1982544_2.jpg,422073_0.jpg,1040854_0.jpg,2234218_0.jpg,1681432_0.jpg,1982544_1.jpg,460016_1.jpg,1854940_0.jpg,1689520_0.jpg
227,1982544_1.jpg,1381037_2.jpg,273015_0.jpg,1982544_0.jpg,714841_0.jpg,2043138_2.jpg,1520546_1.jpg,230921_0.jpg,1740086_0.jpg,17518_0.jpg
228,1982544_2.jpg,2007936_3.jpg,20730_2.jpg,273015_0.jpg,460016_1.jpg,1982544_0.jpg,1212545_0.jpg,444101_3.jpg,273015_3.jpg,797428_1.jpg
229,1982544_3.jpg,1040854_0.jpg,451241_2.jpg,1202550_0.jpg,2234218_0.jpg,180920_0.jpg,1390179_2.jpg,1313329_0.jpg,1174936_0.jpg,833884_0.jpg
230,1985202_0.jpg,49335_0.jpg,1887053_0.jpg,1887053_2.jpg,1887053_1.jpg,49335_1.jpg,1080191_1.jpg,597665_0.jpg,393342_0.jpg,2249413_0.jpg
231,1985202_1.jpg,1352094_1.jpg,797428_1.jpg,388175_0.jpg,1963148_1.jpg,1727476_0.jpg,797428_0.jpg,49335_1.jpg,1080191_1.jpg,49335_0.jpg
232,199060_0.jpg,2152132_0.jpg,1985202_1.jpg,2115574_0.jpg,1131012_0.jpg,1131012_1.jpg,1679426_0.jpg,20730_1.jpg,1576123_0.jpg,263977_0.jpg
233,2007936_0.jpg,124438_0.jpg,1689520_0.jpg,946858_0.jpg,946858_1.jpg,422073_0.jpg,1681432_0.jpg,1689520_2.jpg,1689520_1.jpg,1590305_0.jpg
234,2007936_1.jpg,2043138_2.jpg,2240285_0.jpg,1056223_0.jpg,91902_0.jpg,1056039_2.jpg,275199_0.jpg,91902_1.jpg,702029_2.jpg,2007936_2.jpg
235,2007936_2.jpg,464681_1.jpg,2007936_1.jpg,275199_0.jpg,2010464_3.jpg,2178468_0.jpg,609182_1.jpg,702029_2.jpg,2214632_0.jpg,2007936_0.jpg
236,2007936_3.jpg,1982544_2.jpg,422073_2.jpg,1595808_0.jpg,1982544_0.jpg,273015_3.jpg,460016_1.jpg,38983_0.jpg,1689520_0.jpg,273015_0.jpg
237,2008369_0.jpg,2008369_1.jpg,1625168_1.jpg,1170894_0.jpg,619948_1.jpg,1170894_1.jpg,739325_1.jpg,868312_0.jpg,619948_0.jpg,1625168_0.jpg
238,2008369_1.jpg,2008369_0.jpg,1625168_1.jpg,1170894_0.jpg,1170894_1.jpg,619948_1.jpg,739325_1.jpg,868312_0.jpg,2092552_0.jpg,619948_0.jpg
239,2010464_0.jpg,2265152_0.jpg,2265152_1.jpg,33220_2.jpg,33220_1.jpg,33220_0.jpg,2240285_1.jpg,1824647_0.jpg,33220_3.jpg,273015_0.jpg
240,2010464_1.jpg,36756_3.jpg,2043138_0.jpg,273015_0.jpg,36756_1.jpg,1381037_0.jpg,797428_1.jpg,1166708_0.jpg,17518_0.jpg,2032401_0.jpg
241,2010464_2.jpg,2087717_0.jpg,227995_0.jpg,422073_2.jpg,1595808_0.jpg,1422091_0.jpg,597665_0.jpg,1054120_0.jpg,444101_0.jpg,969013_0.jpg
242,2010464_3.jpg,394246_0.jpg,736794_3.jpg,2178068_2.jpg,1870484_0.jpg,483986_0.jpg,2178068_1.jpg,238420_0.jpg,1751888_0.jpg,1056223_1.jpg
243,2018843_0.jpg,2018843_1.jpg,2018843_2.jpg,2018843_3.jpg,393342_0.jpg,444101_2.jpg,736794_1.jpg,102427_0.jpg,2025719_1.jpg,1985202_0.jpg
244,2018843_2.jpg,2018843_1.jpg,2018843_3.jpg,2018843_0.jpg,1836045_1.jpg,444101_2.jpg,736794_0.jpg,2025719_1.jpg,2025719_0.jpg,460016_1.jpg
245,2018843_2.jpg,2018843_1.jpg,2018843_3.jpg,2018843_0.jpg,1836045_1.jpg,444101_2.jpg,736794_0.jpg,2025719_1.jpg,2025719_0.jpg,460016_1.jpg
246,2018843_2.jpg,2018843_1.jpg,2018843_3.jpg,2018843_0.jpg,1836045_1.jpg,444101_2.jpg,736794_0.jpg,2025719_1.jpg,2025719_0.jpg,460016_1.jpg
247,2025719_0.jpg,2025719_1.jpg,1344607_0.jpg,444101_2.jpg,393342_0.jpg,422073_3.jpg,1040854_0.jpg,2018843_0.jpg,449122_0.jpg,118313_0.jpg
248,2025719_1.jpg,2025719_0.jpg,1344607_0.jpg,444101_2.jpg,393342_0.jpg,2018843_0.jpg,422073_3.jpg,449122_0.jpg,118313_0.jpg,1217793_3.jpg
249,2032401_0.jpg,2032401_2.jpg,273015_3.jpg,263581_0.jpg,1954967_1.jpg,227995_0.jpg,460016_1.jpg,36756_1.jpg,792542_2.jpg,1381037_3.jpg
250,2032401_1.jpg,228851_1.jpg,1056223_1.jpg,1211240_1.jpg,49335_0.jpg,155579_0.jpg,2092552_0.jpg,2043138_2.jpg,404344_0.jpg,1390179_2.jpg
251,2032401_2.jpg,2032401_0.jpg,833884_0.jpg,273015_3.jpg,460016_1.jpg,797428_1.jpg,263581_0.jpg,1056223_1.jpg,428087_0.jpg,273015_0.jpg
252,2034696_0.jpg,1582796_0.jpg,328944_1.jpg,328944_0.jpg,1807172_0.jpg,1199966_2.jpg,1199966_1.jpg,1833356_0.jpg,295981_1.jpg,295981_2.jpg
253,805537_1.jpg,2034696_1.jpg,971996_0.jpg,698597_0.jpg,295981_1.jpg,1719926_0.jpg,1833356_0.jpg,2248498_0.jpg,709380_0.jpg,464681_0.jpg
254,2035896_0.jpg,1204454_0.jpg,101332_1.jpg,101332_0.jpg,230921_0.jpg,1590116_0.jpg,1590116_1.jpg,34762_2.jpg,454575_1.jpg,684408_1.jpg
255,2043138_0.jpg,273015_0.jpg,118313_0.jpg,273015_3.jpg,220677_0.jpg,36756_1.jpg,797428_1.jpg,2043138_2.jpg,1260869_2.jpg,792542_3.jpg
256,2043138_1.jpg,273015_1.jpg,2043138_0.jpg,2043138_2.jpg,273015_2.jpg,33220_1.jpg,1352094_2.jpg,33220_2.jpg,273015_0.jpg,263581_0.jpg
257,2043138_2.jpg,2043138_3.jpg,273015_3.jpg,460016_1.jpg,1056223_1.jpg,273015_2.jpg,1212545_0.jpg,2043138_0.jpg,228851_1.jpg,1056223_0.jpg
258,2043138_3.jpg,2043138_2.jpg,273015_3.jpg,460016_1.jpg,1212545_0.jpg,444101_3.jpg,1836045_2.jpg,714841_0.jpg,1056223_1.jpg,1260869_0.jpg
259,2059631_0.jpg,49884_0.jpg,1174936_0.jpg,1681432_0.jpg,1462896_0.jpg,1076893_1.jpg,1076893_0.jpg,422073_0.jpg,344411_2.jpg,1040854_0.jpg
260,2059631_1.jpg,344411_1.jpg,2059631_2.jpg,1217793_3.jpg,422073_3.jpg,2234218_0.jpg,1478575_0.jpg,1313329_1.jpg,1108503_0.jpg,449122_0.jpg
261,2059631_2.jpg,2059631_1.jpg,344411_1.jpg,422073_3.jpg,1217793_3.jpg,1313329_1.jpg,2234218_0.jpg,2059631_0.jpg,1629131_0.jpg,1174936_0.jpg
262,20730_0.jpg,20730_1.jpg,773720_0.jpg,2043138_2.jpg,119506_0.jpg,2043138_3.jpg,1836045_2.jpg,269621_1.jpg,460016_1.jpg,714841_0.jpg
263,20730_1.jpg,20730_0.jpg,20730_3.jpg,773720_0.jpg,119506_0.jpg,20730_2.jpg,269621_1.jpg,460016_1.jpg,49335_0.jpg,1520546_3.jpg
264,20730_2.jpg,1982544_2.jpg,1824647_1.jpg,20730_1.jpg,2200451_0.jpg,1292390_0.jpg,1381037_0.jpg,20730_0.jpg,409025_0.jpg,118313_0.jpg
265,20730_3.jpg,20730_1.jpg,20730_0.jpg,1836045_1.jpg,942620_0.jpg,773720_0.jpg,1212545_0.jpg,119506_0.jpg,273015_3.jpg,2032401_2.jpg
266,2073127_0.jpg,34762_2.jpg,2035896_0.jpg,1092339_0.jpg,684408_2.jpg,261890_0.jpg,958266_0.jpg,144525_1.jpg,1590305_0.jpg,261890_1.jpg
267,2087717_0.jpg,228851_1.jpg,597665_0.jpg,49335_0.jpg,1054120_0.jpg,1000699_0.jpg,969013_0.jpg,1948024_0.jpg,49335_1.jpg,2115574_0.jpg
268,2092552_0.jpg,1390179_2.jpg,1870484_0.jpg,1056223_1.jpg,734879_0.jpg,734879_1.jpg,1211240_1.jpg,2008369_1.jpg,327032_0.jpg,1625168_1.jpg
269,2115574_0.jpg,12600_0.jpg,2152132_0.jpg,1948024_0.jpg,404344_0.jpg,524188_0.jpg,2249413_0.jpg,1679426_1.jpg,1576123_1.jpg,597665_0.jpg
270,2126042_0.jpg,569765_0.jpg,781783_0.jpg,781783_3.jpg,569765_3.jpg,569765_1.jpg,2126042_1.jpg,2126042_2.jpg,781783_1.jpg,2025719_1.jpg
271,2126042_1.jpg,781783_1.jpg,569765_2.jpg,781783_0.jpg,2126042_0.jpg,569765_3.jpg,569765_1.jpg,569765_0.jpg,781783_3.jpg,292676_0.jpg
272,2126042_2.jpg,569765_3.jpg,781783_3.jpg,569765_0.jpg,2126042_0.jpg,781783_0.jpg,2126042_1.jpg,569765_2.jpg,781783_1.jpg,569765_1.jpg
273,2126042_3.jpg,781783_2.jpg,1352094_0.jpg,1352094_1.jpg,942620_0.jpg,228851_0.jpg,1773371_0.jpg,830143_0.jpg,1108438_0.jpg,1284488_0.jpg
274,2128367_0.jpg,228851_0.jpg,634439_0.jpg,428087_0.jpg,1138838_0.jpg,155579_1.jpg,718182_0.jpg,102427_0.jpg,969013_0.jpg,1078824_0.jpg
275,2132976_0.jpg,948863_0.jpg,2248498_0.jpg,698597_0.jpg,1258869_0.jpg,971996_0.jpg,1108503_0.jpg,295981_1.jpg,477211_0.jpg,72326_0.jpg
276,2152132_0.jpg,12600_0.jpg,1948024_0.jpg,404344_0.jpg,2115574_0.jpg,328427_0.jpg,766234_0.jpg,2249413_0.jpg,1755785_0.jpg,394246_0.jpg
277,2153201_0.jpg,228851_0.jpg,634439_0.jpg,428087_0.jpg,1138838_0.jpg,718182_0.jpg,2128367_0.jpg,102427_0.jpg,155579_1.jpg,1000699_0.jpg
278,217204_0.jpg,35231_0.jpg,1170894_0.jpg,619948_1.jpg,1170894_1.jpg,2008369_1.jpg,739325_1.jpg,1625168_1.jpg,35231_1.jpg,20730_0.jpg
279,2178068_0.jpg,1755785_0.jpg,654408_0.jpg,1515507_0.jpg,483986_0.jpg,2178068_2.jpg,2178068_1.jpg,2178468_0.jpg,12600_0.jpg,2152132_0.jpg
280,2178068_1.jpg,2178068_2.jpg,2178068_0.jpg,1755785_1.jpg,1515507_1.jpg,394246_0.jpg,1755785_0.jpg,483986_0.jpg,654408_0.jpg,1515507_0.jpg
281,2178068_2.jpg,2178068_1.jpg,2178068_0.jpg,394246_0.jpg,1755785_1.jpg,1515507_1.jpg,483986_0.jpg,1755785_0.jpg,654408_0.jpg,1515507_0.jpg
282,2178468_0.jpg,1515507_0.jpg,654408_0.jpg,1755785_0.jpg,2178068_0.jpg,483986_0.jpg,2152132_0.jpg,12600_0.jpg,524188_0.jpg,404344_0.jpg
283,21857_0.jpg,36756_1.jpg,942620_0.jpg,2035896_0.jpg,34762_2.jpg,684408_2.jpg,454575_1.jpg,144525_2.jpg,958266_0.jpg,230921_0.jpg
284,21857_1.jpg,21857_2.jpg,1707110_0.jpg,609182_0.jpg,1352094_2.jpg,196819_2.jpg,1707110_1.jpg,409025_0.jpg,736794_3.jpg,460016_1.jpg
285,21857_2.jpg,21857_1.jpg,1352094_2.jpg,196819_2.jpg,1496852_1.jpg,33220_1.jpg,1352094_3.jpg,1367906_2.jpg,839474_2.jpg,830143_0.jpg
286,21857_3.jpg,1046349_0.jpg,1046349_1.jpg,1824647_3.jpg,251394_3.jpg,1131012_0.jpg,1131012_1.jpg,1376156_0.jpg,34762_0.jpg,295981_3.jpg
287,2194226_0.jpg,1054120_0.jpg,969013_0.jpg,1078824_0.jpg,634439_0.jpg,1000699_0.jpg,718182_0.jpg,2128367_0.jpg,228851_0.jpg,1260869_0.jpg
288,2200451_0.jpg,1292390_0.jpg,273314_0.jpg,754391_0.jpg,17518_0.jpg,1601936_0.jpg,1381037_0.jpg,230921_0.jpg,183355_0.jpg,1363998_0.jpg
289,220677_0.jpg,2043138_0.jpg,118313_0.jpg,792542_0.jpg,792542_3.jpg,273015_0.jpg,263581_0.jpg,2032401_2.jpg,2043138_2.jpg,797428_1.jpg
290,2214632_0.jpg,422073_0.jpg,1462896_0.jpg,850206_0.jpg,946858_0.jpg,1202550_0.jpg,946858_1.jpg,1367680_0.jpg,344411_2.jpg,49884_0.jpg
291,2219063_0.jpg,230921_0.jpg,1601936_0.jpg,17518_0.jpg,1381037_2.jpg,1360443_0.jpg,34762_0.jpg,1381037_0.jpg,1381037_1.jpg,273015_0.jpg
292,2219063_1.jpg,2219063_3.jpg,1601936_1.jpg,1595808_1.jpg,684408_0.jpg,684408_1.jpg,1824647_0.jpg,1323502_3.jpg,17518_0.jpg,17518_1.jpg
293,2219063_2.jpg,1601936_3.jpg,17518_3.jpg,2219063_3.jpg,316035_1.jpg,1204454_0.jpg,1601936_1.jpg,1601936_2.jpg,754391_0.jpg,1381037_2.jpg
294,2219063_3.jpg,1601936_1.jpg,17518_1.jpg,1601936_3.jpg,17518_3.jpg,17518_2.jpg,1601936_2.jpg,2219063_1.jpg,1595808_2.jpg,17518_0.jpg
295,2232140_0.jpg,970552_0.jpg,970552_1.jpg,351614_0.jpg,1689520_2.jpg,1681432_0.jpg,1217793_0.jpg,1595084_0.jpg,946858_3.jpg,449122_0.jpg
296,2234218_0.jpg,1040854_0.jpg,1174936_0.jpg,1562210_0.jpg,422073_0.jpg,49884_0.jpg,1313329_0.jpg,1963148_0.jpg,1681432_0.jpg,344411_2.jpg
297,2240285_0.jpg,91902_0.jpg,2043138_2.jpg,1595808_3.jpg,91902_1.jpg,557975_1.jpg,557975_0.jpg,797428_0.jpg,2043138_0.jpg,273015_0.jpg
298,2240285_1.jpg,1381037_1.jpg,2200451_0.jpg,17518_0.jpg,1381037_0.jpg,714841_0.jpg,1601936_0.jpg,273314_0.jpg,1292390_0.jpg,183355_0.jpg
299,2248498_0.jpg,698597_0.jpg,971996_0.jpg,1258869_0.jpg,295981_1.jpg,709380_0.jpg,2034696_1.jpg,805537_1.jpg,1719926_0.jpg,328944_1.jpg
300,2249413_0.jpg,1679426_1.jpg,2152132_0.jpg,1579564_0.jpg,263977_1.jpg,1985202_0.jpg,766234_0.jpg,2115574_0.jpg,404344_0.jpg,1948024_0.jpg
301,2265152_0.jpg,2265152_1.jpg,33220_2.jpg,33220_1.jpg,2010464_0.jpg,33220_0.jpg,714841_0.jpg,1056039_1.jpg,1595808_3.jpg,1062123_1.jpg
302,2265152_1.jpg,2265152_0.jpg,33220_2.jpg,33220_1.jpg,714841_0.jpg,33220_0.jpg,2010464_0.jpg,1982544_2.jpg,1595808_3.jpg,1751888_0.jpg
303,227995_0.jpg,292676_0.jpg,444101_0.jpg,49335_0.jpg,393342_0.jpg,460016_1.jpg,569765_2.jpg,1080191_1.jpg,1590116_3.jpg,1056223_1.jpg
304,228851_0.jpg,2153201_0.jpg,2128367_0.jpg,1138838_0.jpg,634439_0.jpg,718182_0.jpg,155579_1.jpg,428087_0.jpg,102427_0.jpg,155579_0.jpg
305,228851_1.jpg,49335_1.jpg,49335_0.jpg,1080191_1.jpg,597665_0.jpg,1080191_0.jpg,1056223_1.jpg,1948024_0.jpg,404344_0.jpg,2087717_0.jpg
306,230921_0.jpg,1601936_0.jpg,754391_0.jpg,273314_0.jpg,1204454_0.jpg,17518_0.jpg,1292390_0.jpg,1381037_0.jpg,1381037_1.jpg,1363998_0.jpg
307,234201_0.jpg,9905_0.jpg,181781_0.jpg,877298_1.jpg,1629131_0.jpg,656645_0.jpg,189586_0.jpg,454575_0.jpg,1381037_1.jpg,1361372_0.jpg
308,238420_0.jpg,394246_0.jpg,1679426_1.jpg,2249413_0.jpg,1985202_0.jpg,766234_0.jpg,328427_0.jpg,2152132_0.jpg,404344_0.jpg,1679426_0.jpg
309,238697_0.jpg,664385_0.jpg,2249413_0.jpg,766234_0.jpg,238420_0.jpg,2152132_0.jpg,1579564_0.jpg,263977_1.jpg,1576123_0.jpg,328427_0.jpg
310,238697_1.jpg,664385_1.jpg,1629131_0.jpg,755747_0.jpg,181781_0.jpg,9905_0.jpg,469757_0.jpg,619948_0.jpg,270183_0.jpg,316035_0.jpg
311,238697_2.jpg,664385_2.jpg,263977_2.jpg,1707110_1.jpg,1170894_0.jpg,269621_2.jpg,1629131_0.jpg,1576123_2.jpg,1313329_1.jpg,1170894_1.jpg
312,251394_0.jpg,251394_3.jpg,251394_2.jpg,850002_0.jpg,1590116_1.jpg,1319162_0.jpg,454575_1.jpg,101332_1.jpg,101332_0.jpg,1496852_0.jpg
313,251394_1.jpg,797428_2.jpg,877298_1.jpg,30918_0.jpg,557975_0.jpg,557975_1.jpg,1361372_0.jpg,30918_2.jpg,736794_1.jpg,293130_3.jpg
314,251394_2.jpg,251394_0.jpg,251394_3.jpg,1496852_0.jpg,34762_0.jpg,1590116_1.jpg,1590116_2.jpg,1376156_1.jpg,2240285_1.jpg,1056039_3.jpg
315,251394_3.jpg,454575_1.jpg,1590116_1.jpg,34762_0.jpg,101332_1.jpg,101332_0.jpg,1496852_0.jpg,1363998_0.jpg,1590116_0.jpg,1381037_3.jpg
316,261890_0.jpg,261890_1.jpg,684408_2.jpg,684408_1.jpg,958266_0.jpg,684408_0.jpg,144525_2.jpg,1478575_0.jpg,2073127_0.jpg,118313_0.jpg
317,261890_1.jpg,261890_0.jpg,684408_2.jpg,684408_1.jpg,958266_0.jpg,684408_0.jpg,144525_2.jpg,1478575_0.jpg,230921_0.jpg,118313_0.jpg
318,263581_0.jpg,1342280_3.jpg,273015_2.jpg,797428_2.jpg,273015_3.jpg,220677_0.jpg,36756_1.jpg,273015_0.jpg,1595808_0.jpg,2043138_2.jpg
319,263977_0.jpg,1576123_0.jpg,1707110_0.jpg,263977_1.jpg,1679426_0.jpg,1046233_0.jpg,263977_2.jpg,394246_0.jpg,2152132_0.jpg,766234_0.jpg
320,263977_1.jpg,1707110_1.jpg,1576123_1.jpg,1579564_0.jpg,2249413_0.jpg,263977_0.jpg,1211240_0.jpg,1679426_1.jpg,766234_0.jpg,1420572_0.jpg
321,263977_2.jpg,1907704_0.jpg,189586_0.jpg,755747_0.jpg,1625168_0.jpg,1170894_0.jpg,270183_0.jpg,1629131_0.jpg,664385_2.jpg,35231_1.jpg
322,269621_0.jpg,269621_3.jpg,269621_1.jpg,1520546_3.jpg,269621_2.jpg,1520546_2.jpg,20730_0.jpg,850206_1.jpg,619948_0.jpg,797428_1.jpg
323,269621_1.jpg,269621_0.jpg,1520546_3.jpg,269621_3.jpg,1520546_2.jpg,20730_1.jpg,773720_0.jpg,20730_0.jpg,269621_2.jpg,736794_3.jpg
324,269621_2.jpg,1217793_3.jpg,269621_0.jpg,269621_3.jpg,1313329_1.jpg,269621_1.jpg,1520546_3.jpg,2059631_1.jpg,1681432_0.jpg,2059631_2.jpg
325,269621_3.jpg,269621_0.jpg,1520546_3.jpg,269621_1.jpg,1681432_0.jpg,269621_2.jpg,850206_1.jpg,619948_0.jpg,477211_0.jpg,2059631_2.jpg
326,270183_0.jpg,755747_0.jpg,469757_0.jpg,877298_1.jpg,316035_0.jpg,1629131_0.jpg,656645_0.jpg,736794_1.jpg,189586_0.jpg,736794_0.jpg
327,273015_0.jpg,2043138_0.jpg,118313_0.jpg,792542_3.jpg,273015_3.jpg,792542_0.jpg,797428_1.jpg,36756_1.jpg,1982544_2.jpg,2043138_2.jpg
328,273015_1.jpg,2043138_1.jpg,460016_1.jpg,273015_2.jpg,2043138_2.jpg,1352094_2.jpg,2043138_0.jpg,273015_0.jpg,33220_1.jpg,1520546_1.jpg
329,273015_2.jpg,2043138_2.jpg,263581_0.jpg,2043138_0.jpg,1166708_0.jpg,460016_1.jpg,273015_0.jpg,1595808_0.jpg,36756_1.jpg,2043138_3.jpg
330,273015_3.jpg,2043138_2.jpg,2043138_3.jpg,460016_1.jpg,1260869_2.jpg,273015_0.jpg,36756_1.jpg,1342280_3.jpg,2043138_0.jpg,1056223_1.jpg
331,273314_0.jpg,1292390_0.jpg,754391_0.jpg,2200451_0.jpg,1601936_0.jpg,230921_0.jpg,17518_0.jpg,1381037_1.jpg,1381037_0.jpg,1363998_0.jpg
332,275199_0.jpg,773720_0.jpg,1180015_0.jpg,1180015_1.jpg,328427_0.jpg,2043138_2.jpg,1473075_0.jpg,1046349_1.jpg,1046349_0.jpg,228851_1.jpg
333,29000_0.jpg,422073_2.jpg,1595808_0.jpg,1342280_3.jpg,33220_1.jpg,2010464_2.jpg,127206_0.jpg,2035896_0.jpg,1887053_0.jpg,1887053_1.jpg
334,29000_1.jpg,196819_2.jpg,1140265_0.jpg,609182_0.jpg,1211240_0.jpg,1662376_0.jpg,345278_1.jpg,1342280_0.jpg,562933_0.jpg,1342280_3.jpg
335,292676_0.jpg,444101_0.jpg,781783_1.jpg,1080191_1.jpg,49335_1.jpg,2126042_1.jpg,227995_0.jpg,1080191_0.jpg,49335_0.jpg,569765_2.jpg
336,293130_0.jpg,822775_0.jpg,359078_0.jpg,328944_1.jpg,328944_0.jpg,295981_2.jpg,1582796_0.jpg,1807172_0.jpg,1833356_0.jpg,460054_0.jpg
337,293130_1.jpg,822775_1.jpg,698597_0.jpg,2248498_0.jpg,971996_0.jpg,295981_1.jpg,805537_1.jpg,2034696_1.jpg,709380_0.jpg,1199966_0.jpg
338,822775_2.jpg,293130_2.jpg,656645_0.jpg,877298_1.jpg,270183_0.jpg,454575_0.jpg,1131012_1.jpg,1131012_0.jpg,119506_0.jpg,451241_0.jpg
339,293130_3.jpg,822775_3.jpg,292676_0.jpg,734879_0.jpg,734879_1.jpg,1352094_0.jpg,1352094_1.jpg,273015_0.jpg,1697507_0.jpg,1076893_0.jpg
340,295981_0.jpg,1719926_0.jpg,709380_0.jpg,1199966_0.jpg,295981_2.jpg,1199966_1.jpg,295981_1.jpg,1807172_0.jpg,72326_0.jpg,1199966_2.jpg
341,295981_1.jpg,295981_2.jpg,295981_0.jpg,328944_0.jpg,328944_1.jpg,698597_0.jpg,2034696_1.jpg,805537_1.jpg,2248498_0.jpg,1719926_0.jpg
342,295981_2.jpg,328944_0.jpg,328944_1.jpg,295981_0.jpg,295981_1.jpg,1719926_0.jpg,1199966_0.jpg,709380_0.jpg,1807172_0.jpg,1833356_0.jpg
343,295981_3.jpg,295981_2.jpg,295981_1.jpg,971996_0.jpg,1719926_1.jpg,1024602_0.jpg,328944_1.jpg,328944_0.jpg,295981_0.jpg,1719926_0.jpg
344,30918_0.jpg,1740086_0.jpg,30918_2.jpg,702029_0.jpg,1251344_0.jpg,1982544_1.jpg,2043138_2.jpg,1361372_0.jpg,1381037_2.jpg,714841_0.jpg
345,30918_1.jpg,1740086_1.jpg,1740086_0.jpg,597665_0.jpg,228851_1.jpg,1056223_1.jpg,30918_2.jpg,1376156_0.jpg,444101_2.jpg,1590116_2.jpg
346,30918_2.jpg,1740086_0.jpg,30918_0.jpg,1251344_0.jpg,877298_1.jpg,2043138_2.jpg,702029_0.jpg,1982544_1.jpg,755747_0.jpg,736794_1.jpg
347,316035_0.jpg,469757_0.jpg,755747_0.jpg,1629131_0.jpg,270183_0.jpg,454575_0.jpg,9905_0.jpg,181781_0.jpg,656645_0.jpg,189586_0.jpg
348,316035_1.jpg,316035_0.jpg,2043138_2.jpg,33220_1.jpg,273015_2.jpg,238697_0.jpg,664385_0.jpg,1520546_0.jpg,33220_0.jpg,33220_2.jpg
349,327032_0.jpg,155579_0.jpg,839474_0.jpg,327032_1.jpg,1344607_0.jpg,792542_2.jpg,196819_0.jpg,1390179_2.jpg,2092552_0.jpg,2032401_2.jpg
350,327032_1.jpg,327032_0.jpg,792542_1.jpg,292676_0.jpg,460016_1.jpg,49335_0.jpg,2126042_1.jpg,2043138_2.jpg,444101_0.jpg,444101_2.jpg
351,328427_0.jpg,2152132_0.jpg,766234_0.jpg,404344_0.jpg,1948024_0.jpg,1870484_0.jpg,12600_0.jpg,1679426_1.jpg,394246_0.jpg,228851_1.jpg
352,328944_0.jpg,328944_1.jpg,1024602_0.jpg,359078_0.jpg,1833356_0.jpg,464681_0.jpg,295981_2.jpg,1719926_0.jpg,460054_0.jpg,1199966_0.jpg
353,328944_0.jpg,328944_1.jpg,1024602_0.jpg,359078_0.jpg,1833356_0.jpg,464681_0.jpg,295981_2.jpg,1719926_0.jpg,460054_0.jpg,1199966_0.jpg
354,33220_0.jpg,33220_2.jpg,33220_1.jpg,2265152_1.jpg,2265152_0.jpg,2043138_2.jpg,1595808_0.jpg,316035_1.jpg,1836045_2.jpg,273015_2.jpg
355,33220_1.jpg,33220_2.jpg,33220_0.jpg,2265152_1.jpg,2265152_0.jpg,1352094_2.jpg,1352094_3.jpg,609182_0.jpg,2043138_1.jpg,1982544_2.jpg
356,33220_2.jpg,33220_1.jpg,33220_0.jpg,2265152_1.jpg,2265152_0.jpg,1352094_2.jpg,609182_0.jpg,1062123_1.jpg,2043138_2.jpg,2010464_0.jpg
357,33220_3.jpg,1836045_2.jpg,2265152_0.jpg,1352094_2.jpg,33220_2.jpg,273015_0.jpg,797428_1.jpg,444101_3.jpg,2010464_0.jpg,36756_0.jpg
358,344411_0.jpg,422073_1.jpg,2059631_2.jpg,351614_0.jpg,2059631_0.jpg,344411_1.jpg,1217793_0.jpg,422073_3.jpg,477211_2.jpg,2059631_1.jpg
359,344411_1.jpg,2059631_1.jpg,2059631_2.jpg,422073_3.jpg,1217793_3.jpg,2234218_0.jpg,1174936_0.jpg,1478575_0.jpg,1108503_0.jpg,883983_0.jpg
360,344411_2.jpg,1854940_0.jpg,1313329_0.jpg,1462896_0.jpg,422073_0.jpg,1040854_0.jpg,1202550_0.jpg,1174936_0.jpg,124438_0.jpg,409025_0.jpg
361,345278_0.jpg,720789_1.jpg,720789_0.jpg,1917423_0.jpg,1887053_1.jpg,1887053_2.jpg,1887053_0.jpg,1985202_0.jpg,49335_0.jpg,328427_0.jpg
362,345278_1.jpg,394246_0.jpg,597665_0.jpg,1985202_0.jpg,2152132_0.jpg,2249413_0.jpg,1515507_1.jpg,444101_0.jpg,1948024_0.jpg,49335_1.jpg
363,345278_2.jpg,460016_1.jpg,273015_3.jpg,273015_0.jpg,2043138_2.jpg,388175_0.jpg,2043138_0.jpg,1056039_2.jpg,1836045_1.jpg,797428_1.jpg
364,345278_3.jpg,180920_0.jpg,1491382_0.jpg,593186_1.jpg,35231_1.jpg,155579_0.jpg,35231_0.jpg,839474_0.jpg,1982544_3.jpg,428087_0.jpg
365,34762_0.jpg,17518_0.jpg,1363998_0.jpg,1601936_0.jpg,251394_3.jpg,1376156_0.jpg,273314_0.jpg,1381037_0.jpg,1381037_1.jpg,2200451_0.jpg
366,34762_1.jpg,782528_0.jpg,34762_2.jpg,1381037_2.jpg,454575_1.jpg,1590116_0.jpg,1590116_1.jpg,1108503_0.jpg,110899_0.jpg,1204454_0.jpg
367,34762_2.jpg,1496852_0.jpg,1590116_0.jpg,101332_0.jpg,101332_1.jpg,454575_1.jpg,2035896_0.jpg,1590116_1.jpg,34762_1.jpg,2073127_0.jpg
368,351614_0.jpg,1217793_0.jpg,351614_2.jpg,477211_2.jpg,850206_1.jpg,477211_0.jpg,946858_3.jpg,2059631_0.jpg,1462896_0.jpg,344411_2.jpg
369,351614_1.jpg,1217793_1.jpg,946858_1.jpg,1202550_0.jpg,409025_0.jpg,946858_0.jpg,1076893_1.jpg,1174936_0.jpg,1963148_0.jpg,1076893_0.jpg
370,351614_2.jpg,477211_0.jpg,351614_0.jpg,1217793_0.jpg,351614_1.jpg,2059631_0.jpg,1217793_1.jpg,344411_2.jpg,1963148_0.jpg,1681432_0.jpg
371,351614_3.jpg,1217793_2.jpg,850206_0.jpg,351614_0.jpg,1907704_0.jpg,1217793_0.jpg,1963148_0.jpg,1217793_1.jpg,344411_2.jpg,739325_0.jpg
372,35231_0.jpg,35231_1.jpg,1313329_1.jpg,217204_0.jpg,619948_0.jpg,619948_1.jpg,1390179_2.jpg,1170894_1.jpg,2018843_0.jpg,1982544_3.jpg
373,35231_1.jpg,35231_0.jpg,619948_0.jpg,2018843_0.jpg,1352094_1.jpg,196819_0.jpg,263977_2.jpg,1836045_1.jpg,1625168_0.jpg,739325_0.jpg
374,359078_0.jpg,460054_0.jpg,328944_1.jpg,328944_0.jpg,1158718_0.jpg,1199966_0.jpg,1833356_0.jpg,1199966_1.jpg,1199966_2.jpg,464681_0.jpg
375,359078_1.jpg,1212545_0.jpg,1491382_2.jpg,2043138_3.jpg,2043138_2.jpg,720789_1.jpg,720789_0.jpg,1344607_1.jpg,328427_0.jpg,835212_2.jpg
376,36756_0.jpg,36756_1.jpg,444101_3.jpg,942620_0.jpg,36756_2.jpg,1773371_0.jpg,1260869_0.jpg,460016_0.jpg,273015_3.jpg,2043138_3.jpg
377,36756_1.jpg,36756_2.jpg,1260869_0.jpg,273015_3.jpg,460016_0.jpg,2043138_0.jpg,273015_0.jpg,2043138_3.jpg,1260869_2.jpg,36756_3.jpg
378,36756_2.jpg,36756_1.jpg,38983_0.jpg,36756_3.jpg,1260869_0.jpg,273015_3.jpg,1260869_1.jpg,273015_0.jpg,460016_0.jpg,36756_0.jpg
379,36756_3.jpg,36756_1.jpg,36756_2.jpg,792542_2.jpg,2043138_0.jpg,2010464_1.jpg,273015_0.jpg,2032401_0.jpg,1260869_2.jpg,1773371_0.jpg
380,388175_0.jpg,388175_1.jpg,1352094_1.jpg,49335_0.jpg,2025719_1.jpg,2025719_0.jpg,1080191_1.jpg,422073_3.jpg,49335_1.jpg,1954967_1.jpg
381,388175_1.jpg,388175_0.jpg,1352094_1.jpg,49335_0.jpg,821201_0.jpg,1954967_1.jpg,1108438_0.jpg,2018843_0.jpg,422073_3.jpg,102427_0.jpg
382,38983_0.jpg,2043138_2.jpg,36756_2.jpg,1595808_0.jpg,273015_3.jpg,714841_0.jpg,2043138_3.jpg,273015_0.jpg,1056223_1.jpg,36756_1.jpg
383,393342_0.jpg,2018843_0.jpg,444101_2.jpg,1985202_0.jpg,2025719_0.jpg,2025719_1.jpg,1870484_0.jpg,1056223_1.jpg,1212545_0.jpg,227995_0.jpg
384,394246_0.jpg,736794_3.jpg,2152132_0.jpg,2178068_2.jpg,1056223_1.jpg,238420_0.jpg,345278_1.jpg,228851_1.jpg,12600_0.jpg,328427_0.jpg
385,404344_0.jpg,1948024_0.jpg,2152132_0.jpg,12600_0.jpg,2115574_0.jpg,49335_1.jpg,49335_0.jpg,597665_0.jpg,228851_1.jpg,1080191_1.jpg
386,404344_1.jpg,1755785_1.jpg,1515507_1.jpg,394246_0.jpg,2178068_2.jpg,2178068_1.jpg,228851_1.jpg,1662376_0.jpg,345278_1.jpg,1342280_0.jpg
387,409025_0.jpg,1174936_0.jpg,1963148_0.jpg,1040854_0.jpg,1681432_0.jpg,344411_2.jpg,422073_0.jpg,1076893_0.jpg,1076893_1.jpg,49884_0.jpg
388,422073_0.jpg,2214632_0.jpg,850206_0.jpg,1202550_0.jpg,1313329_0.jpg,1174936_0.jpg,1040854_0.jpg,344411_2.jpg,49884_0.jpg,2234218_0.jpg
389,422073_1.jpg,344411_0.jpg,1217793_0.jpg,351614_0.jpg,316035_0.jpg,850206_1.jpg,1313329_2.jpg,1108503_0.jpg,422073_3.jpg,2059631_0.jpg
390,422073_2.jpg,970552_2.jpg,2007936_3.jpg,1887053_1.jpg,1887053_0.jpg,1887053_2.jpg,1595808_0.jpg,227995_0.jpg,1982544_2.jpg,29000_0.jpg
391,422073_3.jpg,2059631_2.jpg,344411_1.jpg,1313329_1.jpg,2059631_1.jpg,1217793_3.jpg,2234218_0.jpg,2025719_0.jpg,2025719_1.jpg,1562210_0.jpg
392,428087_0.jpg,2128367_0.jpg,228851_0.jpg,634439_0.jpg,2153201_0.jpg,155579_0.jpg,718182_0.jpg,102427_0.jpg,155579_1.jpg,1138838_0.jpg
393,43354_0.jpg,1158718_0.jpg,328944_0.jpg,328944_1.jpg,359078_0.jpg,1024602_0.jpg,1833356_0.jpg,43354_1.jpg,464681_0.jpg,1199966_2.jpg
394,43354_1.jpg,1719926_1.jpg,72326_1.jpg,1158718_0.jpg,971996_0.jpg,1024602_0.jpg,43354_0.jpg,1199966_3.jpg,2034696_1.jpg,805537_1.jpg
395,1158718_1.jpg,43354_2.jpg,1491382_2.jpg,359078_1.jpg,328427_0.jpg,1755785_0.jpg,451241_2.jpg,2152132_0.jpg,654408_0.jpg,1396752_1.jpg
396,444101_0.jpg,292676_0.jpg,49335_0.jpg,597665_0.jpg,569765_2.jpg,49335_1.jpg,1985202_0.jpg,1080191_1.jpg,1080191_0.jpg,444101_3.jpg
397,444101_1.jpg,444101_2.jpg,2025719_0.jpg,444101_3.jpg,2025719_1.jpg,2126042_1.jpg,292676_0.jpg,569765_2.jpg,1344607_0.jpg,781783_0.jpg
398,444101_2.jpg,444101_3.jpg,2018843_0.jpg,2025719_0.jpg,2025719_1.jpg,393342_0.jpg,1056223_1.jpg,460016_1.jpg,1985202_0.jpg,569765_3.jpg
399,444101_3.jpg,444101_2.jpg,2043138_3.jpg,1212545_0.jpg,273015_3.jpg,460016_1.jpg,444101_0.jpg,569765_2.jpg,569765_3.jpg,1985202_0.jpg
400,449122_0.jpg,1681432_0.jpg,1590305_0.jpg,2234218_0.jpg,883983_0.jpg,1174936_0.jpg,1689520_1.jpg,1040854_0.jpg,1689520_0.jpg,1689520_2.jpg
401,451241_0.jpg,454575_0.jpg,1478575_0.jpg,316035_0.jpg,469757_0.jpg,1727476_0.jpg,1360443_0.jpg,2059631_2.jpg,422073_3.jpg,656645_0.jpg
402,451241_1.jpg,451241_0.jpg,454575_0.jpg,261890_1.jpg,261890_0.jpg,1496852_2.jpg,684408_1.jpg,422073_3.jpg,189586_0.jpg,1367680_0.jpg
403,451241_2.jpg,1982544_3.jpg,1211240_1.jpg,2032401_1.jpg,1180015_1.jpg,345278_3.jpg,1180015_0.jpg,619948_1.jpg,1625168_1.jpg,180920_0.jpg
404,454575_0.jpg,656645_0.jpg,469757_0.jpg,877298_1.jpg,316035_0.jpg,1361372_0.jpg,755747_0.jpg,451241_0.jpg,1629131_0.jpg,792542_2.jpg
405,454575_1.jpg,1590116_1.jpg,101332_1.jpg,251394_3.jpg,1590116_0.jpg,101332_0.jpg,1496852_0.jpg,34762_2.jpg,2035896_0.jpg,34762_1.jpg
406,460016_0.jpg,460016_1.jpg,36756_1.jpg,1260869_0.jpg,2043138_3.jpg,569765_3.jpg,736794_3.jpg,273015_0.jpg,444101_3.jpg,273015_3.jpg
407,460016_1.jpg,1056223_1.jpg,736794_3.jpg,2043138_2.jpg,2043138_3.jpg,273015_3.jpg,460016_0.jpg,597665_0.jpg,228851_1.jpg,569765_2.jpg
408,460054_0.jpg,359078_0.jpg,1199966_0.jpg,1199966_1.jpg,328944_1.jpg,328944_0.jpg,1199966_2.jpg,1833356_0.jpg,464681_0.jpg,72326_0.jpg
409,464681_0.jpg,1833356_0.jpg,328944_0.jpg,328944_1.jpg,1199966_0.jpg,1199966_1.jpg,1024602_0.jpg,359078_0.jpg,1719926_0.jpg,1199966_2.jpg
410,464681_1.jpg,609182_1.jpg,275199_0.jpg,2240285_0.jpg,2043138_2.jpg,1131012_1.jpg,1836045_2.jpg,1131012_0.jpg,91902_0.jpg,797428_1.jpg
411,469757_0.jpg,755747_0.jpg,316035_0.jpg,270183_0.jpg,1629131_0.jpg,9905_0.jpg,181781_0.jpg,656645_0.jpg,189586_0.jpg,454575_0.jpg
412,474086_0.jpg,228851_0.jpg,428087_0.jpg,102427_0.jpg,634439_0.jpg,454575_0.jpg,877298_1.jpg,1260869_0.jpg,656645_0.jpg,792542_2.jpg
413,477211_0.jpg,351614_2.jpg,477211_2.jpg,351614_0.jpg,344411_2.jpg,477211_1.jpg,2059631_0.jpg,1108503_0.jpg,1462896_0.jpg,1076893_1.jpg
414,477211_1.jpg,477211_2.jpg,1174936_0.jpg,2059631_0.jpg,1681432_0.jpg,422073_0.jpg,49884_0.jpg,344411_2.jpg,477211_0.jpg,409025_0.jpg
415,477211_2.jpg,351614_0.jpg,477211_0.jpg,477211_1.jpg,1217793_0.jpg,946858_3.jpg,1076893_1.jpg,344411_2.jpg,2059631_0.jpg,1689520_2.jpg
416,477211_3.jpg,946858_2.jpg,477211_2.jpg,1046349_1.jpg,1046349_0.jpg,275199_0.jpg,1313329_2.jpg,773720_0.jpg,422073_1.jpg,351614_0.jpg
417,483986_0.jpg,1755785_0.jpg,2178068_0.jpg,1515507_0.jpg,654408_0.jpg,1870484_0.jpg,2178468_0.jpg,524188_0.jpg,2178068_2.jpg,394246_0.jpg
418,49335_0.jpg,49335_1.jpg,1080191_1.jpg,1080191_0.jpg,597665_0.jpg,1985202_0.jpg,228851_1.jpg,404344_0.jpg,1948024_0.jpg,1056223_1.jpg
419,49335_1.jpg,1080191_1.jpg,49335_0.jpg,1080191_0.jpg,597665_0.jpg,228851_1.jpg,404344_0.jpg,1948024_0.jpg,1985202_0.jpg,1056223_1.jpg
420,49884_0.jpg,1174936_0.jpg,2059631_0.jpg,1681432_0.jpg,1040854_0.jpg,422073_0.jpg,1313329_0.jpg,1202550_0.jpg,1963148_0.jpg,1076893_0.jpg
421,505425_0.jpg,1381037_2.jpg,1076893_1.jpg,1076893_0.jpg,883983_0.jpg,2265152_1.jpg,344411_2.jpg,1590305_0.jpg,1854940_0.jpg,718182_0.jpg
422,512673_0.jpg,942620_0.jpg,912664_0.jpg,1773371_0.jpg,1352094_0.jpg,830143_0.jpg,1727476_0.jpg,273015_3.jpg,718182_0.jpg,1982544_2.jpg
423,524188_0.jpg,1870484_0.jpg,1755785_0.jpg,2115574_0.jpg,483986_0.jpg,2178068_0.jpg,328427_0.jpg,2152132_0.jpg,404344_0.jpg,654408_0.jpg
424,52536_0.jpg,52536_1.jpg,52536_3.jpg,958266_0.jpg,1824647_1.jpg,1824647_3.jpg,1174936_0.jpg,674194_1.jpg,451241_0.jpg,1040854_0.jpg
425,52536_1.jpg,52536_3.jpg,52536_2.jpg,52536_0.jpg,674194_1.jpg,674194_0.jpg,194493_0.jpg,194493_1.jpg,958266_0.jpg,1040854_0.jpg
426,52536_2.jpg,52536_1.jpg,52536_3.jpg,1367680_0.jpg,194493_0.jpg,194493_1.jpg,674194_1.jpg,1693803_0.jpg,958266_0.jpg,1982544_3.jpg
427,52536_3.jpg,52536_1.jpg,52536_2.jpg,194493_1.jpg,194493_0.jpg,52536_0.jpg,684408_1.jpg,1292390_0.jpg,261890_1.jpg,1693803_0.jpg
428,553331_0.jpg,654408_0.jpg,2178068_0.jpg,1755785_0.jpg,2152132_0.jpg,1515507_0.jpg,238420_0.jpg,1473075_1.jpg,734879_1.jpg,734879_0.jpg
429,557975_1.jpg,557975_0.jpg,2043138_3.jpg,2043138_2.jpg,1056223_1.jpg,1595808_3.jpg,273015_3.jpg,1342280_3.jpg,1140265_0.jpg,797428_2.jpg
430,557975_1.jpg,557975_0.jpg,2043138_3.jpg,2043138_2.jpg,1056223_1.jpg,1595808_3.jpg,273015_3.jpg,1342280_3.jpg,1140265_0.jpg,797428_2.jpg
431,557975_2.jpg,557975_3.jpg,273015_3.jpg,36756_1.jpg,557975_1.jpg,557975_0.jpg,835212_3.jpg,474086_0.jpg,127206_0.jpg,183355_0.jpg
432,557975_3.jpg,557975_2.jpg,833884_0.jpg,1260869_2.jpg,273015_3.jpg,127206_0.jpg,835212_3.jpg,183355_0.jpg,49335_1.jpg,1212545_0.jpg
433,562933_0.jpg,971996_0.jpg,805537_0.jpg,2092552_0.jpg,805537_1.jpg,2034696_1.jpg,1211240_1.jpg,43354_1.jpg,1342280_0.jpg,736794_3.jpg
434,569765_0.jpg,569765_3.jpg,781783_0.jpg,2126042_0.jpg,781783_3.jpg,569765_1.jpg,569765_2.jpg,781783_1.jpg,2126042_1.jpg,2126042_2.jpg
435,569765_1.jpg,569765_0.jpg,569765_3.jpg,781783_0.jpg,781783_3.jpg,2126042_0.jpg,569765_2.jpg,781783_1.jpg,2126042_1.jpg,2025719_1.jpg
436,569765_2.jpg,781783_1.jpg,2126042_1.jpg,569765_3.jpg,569765_1.jpg,569765_0.jpg,444101_0.jpg,781783_0.jpg,781783_3.jpg,460016_1.jpg
437,569765_3.jpg,569765_0.jpg,781783_3.jpg,781783_0.jpg,569765_1.jpg,2126042_0.jpg,569765_2.jpg,781783_1.jpg,2126042_2.jpg,2126042_1.jpg
438,592025_0.jpg,1496852_0.jpg,1590116_2.jpg,34762_2.jpg,797428_1.jpg,1376156_1.jpg,1954967_2.jpg,33220_2.jpg,33220_1.jpg,351614_2.jpg
439,593186_0.jpg,228851_1.jpg,155579_0.jpg,2087717_0.jpg,49335_0.jpg,327032_0.jpg,1056223_1.jpg,428087_0.jpg,1985202_0.jpg,833884_0.jpg
440,593186_1.jpg,1491382_0.jpg,102427_0.jpg,634439_0.jpg,428087_0.jpg,2128367_0.jpg,1000699_0.jpg,155579_1.jpg,155579_0.jpg,1138838_0.jpg
441,597665_0.jpg,49335_0.jpg,49335_1.jpg,1080191_1.jpg,1080191_0.jpg,228851_1.jpg,1948024_0.jpg,404344_0.jpg,1985202_0.jpg,1751888_0.jpg
442,609182_0.jpg,1024602_0.jpg,192228_0.jpg,971996_0.jpg,464681_0.jpg,1719926_0.jpg,328944_1.jpg,328944_0.jpg,1833356_0.jpg,805537_1.jpg
443,609182_1.jpg,1662376_0.jpg,464681_1.jpg,275199_0.jpg,1342280_0.jpg,1595808_3.jpg,91902_1.jpg,1140265_0.jpg,91902_0.jpg,1131012_1.jpg
444,616644_0.jpg,1367211_0.jpg,1954967_1.jpg,1727476_0.jpg,912664_0.jpg,1352094_1.jpg,512673_0.jpg,2032401_0.jpg,155579_0.jpg,183355_0.jpg
445,619948_0.jpg,619948_1.jpg,35231_1.jpg,868312_0.jpg,1625168_1.jpg,739325_0.jpg,2018843_0.jpg,1170894_1.jpg,739325_1.jpg,1170894_0.jpg
446,619948_1.jpg,739325_1.jpg,1170894_1.jpg,1170894_0.jpg,868312_0.jpg,1625168_1.jpg,2008369_1.jpg,619948_0.jpg,2008369_0.jpg,739325_0.jpg
447,634439_0.jpg,1000699_0.jpg,102427_0.jpg,2153201_0.jpg,228851_0.jpg,969013_0.jpg,2128367_0.jpg,2194226_0.jpg,718182_0.jpg,1078824_0.jpg
448,654408_0.jpg,2178068_0.jpg,1515507_0.jpg,1755785_0.jpg,483986_0.jpg,2178468_0.jpg,12600_0.jpg,2152132_0.jpg,404344_0.jpg,1948024_0.jpg
449,656645_0.jpg,877298_1.jpg,270183_0.jpg,454575_0.jpg,469757_0.jpg,1629131_0.jpg,43354_0.jpg,755747_0.jpg,316035_0.jpg,2025719_0.jpg
450,664385_0.jpg,238697_0.jpg,2249413_0.jpg,766234_0.jpg,238420_0.jpg,263977_1.jpg,328427_0.jpg,2152132_0.jpg,1579564_0.jpg,1576123_0.jpg
451,664385_1.jpg,238697_1.jpg,1629131_0.jpg,755747_0.jpg,1313329_1.jpg,619948_0.jpg,2059631_2.jpg,9905_0.jpg,181781_0.jpg,35231_1.jpg
452,664385_2.jpg,238697_2.jpg,263977_2.jpg,1707110_1.jpg,1170894_0.jpg,269621_2.jpg,1629131_0.jpg,1576123_2.jpg,1170894_1.jpg,1313329_1.jpg
453,674194_0.jpg,674194_1.jpg,1381037_1.jpg,230921_0.jpg,1824647_3.jpg,1601936_0.jpg,1204454_0.jpg,2059631_1.jpg,273314_0.jpg,2128367_0.jpg
454,674194_1.jpg,674194_0.jpg,230921_0.jpg,1381037_1.jpg,1204454_0.jpg,1601936_0.jpg,273314_0.jpg,754391_0.jpg,1824647_3.jpg,1381037_3.jpg
455,684408_0.jpg,261890_1.jpg,684408_1.jpg,261890_0.jpg,1367680_0.jpg,2214632_0.jpg,1092339_0.jpg,684408_2.jpg,1202550_0.jpg,292676_0.jpg
456,684408_1.jpg,684408_2.jpg,261890_1.jpg,261890_0.jpg,230921_0.jpg,958266_0.jpg,2035896_0.jpg,754391_0.jpg,1204454_0.jpg,792542_0.jpg
457,684408_2.jpg,684408_1.jpg,261890_1.jpg,261890_0.jpg,958266_0.jpg,144525_2.jpg,230921_0.jpg,2073127_0.jpg,34762_2.jpg,2035896_0.jpg
458,698597_0.jpg,2248498_0.jpg,971996_0.jpg,295981_1.jpg,805537_1.jpg,2034696_1.jpg,709380_0.jpg,1258869_0.jpg,1719926_0.jpg,328944_1.jpg
459,702029_0.jpg,1520546_2.jpg,702029_2.jpg,30918_0.jpg,1629131_0.jpg,1689520_1.jpg,1689520_0.jpg,1520546_3.jpg,736794_3.jpg,1217793_3.jpg
460,702029_1.jpg,1258869_0.jpg,805537_0.jpg,971996_0.jpg,1024602_0.jpg,1833356_0.jpg,1158718_0.jpg,328944_0.jpg,328944_1.jpg,2248498_0.jpg
461,702029_2.jpg,702029_0.jpg,946858_3.jpg,275199_0.jpg,946858_2.jpg,2178468_0.jpg,228851_1.jpg,736794_3.jpg,1751888_0.jpg,1056223_1.jpg
462,709380_0.jpg,72326_0.jpg,295981_0.jpg,1199966_1.jpg,1199966_0.jpg,1199966_2.jpg,1833356_0.jpg,1807172_0.jpg,460054_0.jpg,1719926_0.jpg
463,714841_0.jpg,2043138_3.jpg,1836045_2.jpg,2043138_2.jpg,1166708_0.jpg,460016_1.jpg,38983_0.jpg,444101_3.jpg,1251344_0.jpg,273015_3.jpg
464,718182_0.jpg,228851_0.jpg,634439_0.jpg,1138838_0.jpg,2128367_0.jpg,2194226_0.jpg,155579_1.jpg,2153201_0.jpg,428087_0.jpg,1054120_0.jpg
465,720789_0.jpg,720789_1.jpg,345278_0.jpg,835212_2.jpg,49335_0.jpg,797428_1.jpg,1917423_0.jpg,2152132_0.jpg,1212545_0.jpg,460016_0.jpg
466,720789_1.jpg,720789_0.jpg,345278_0.jpg,835212_2.jpg,49335_0.jpg,1917423_0.jpg,1212545_0.jpg,2152132_0.jpg,797428_1.jpg,359078_1.jpg
467,72326_0.jpg,1199966_2.jpg,1199966_1.jpg,1833356_0.jpg,1199966_0.jpg,709380_0.jpg,295981_0.jpg,460054_0.jpg,464681_0.jpg,1807172_0.jpg
468,72326_1.jpg,1199966_3.jpg,1719926_1.jpg,43354_1.jpg,328944_1.jpg,328944_0.jpg,1719926_0.jpg,971996_0.jpg,1024602_0.jpg,805537_1.jpg
469,72326_2.jpg,43354_1.jpg,52536_0.jpg,806175_0.jpg,1719926_1.jpg,1217793_2.jpg,72326_1.jpg,609182_0.jpg,52536_3.jpg,958266_0.jpg
470,734879_1.jpg,734879_0.jpg,228851_1.jpg,444101_2.jpg,2092552_0.jpg,1473075_1.jpg,1473075_0.jpg,1056223_1.jpg,460016_1.jpg,2025719_0.jpg
471,734879_1.jpg,734879_0.jpg,228851_1.jpg,444101_2.jpg,2092552_0.jpg,1473075_1.jpg,1473075_0.jpg,1056223_1.jpg,460016_1.jpg,2025719_0.jpg
472,736794_0.jpg,736794_1.jpg,270183_0.jpg,755747_0.jpg,1629131_0.jpg,736794_2.jpg,2018843_0.jpg,469757_0.jpg,102427_0.jpg,2043138_2.jpg
473,736794_1.jpg,736794_0.jpg,755747_0.jpg,270183_0.jpg,2018843_0.jpg,469757_0.jpg,1629131_0.jpg,773720_0.jpg,877298_1.jpg,736794_3.jpg
474,736794_2.jpg,736794_0.jpg,609182_0.jpg,2018843_1.jpg,2018843_2.jpg,2018843_3.jpg,736794_1.jpg,1520546_1.jpg,1836045_1.jpg,1520546_0.jpg
475,736794_3.jpg,460016_1.jpg,1056223_1.jpg,394246_0.jpg,228851_1.jpg,2018843_0.jpg,1211240_1.jpg,736794_1.jpg,1520546_2.jpg,89797_0.jpg
476,739325_0.jpg,1625168_0.jpg,1396752_0.jpg,619948_0.jpg,619948_1.jpg,739325_1.jpg,344411_1.jpg,35231_1.jpg,2008369_0.jpg,2059631_2.jpg
477,739325_1.jpg,619948_1.jpg,1625168_1.jpg,1170894_0.jpg,1170894_1.jpg,868312_0.jpg,2008369_1.jpg,2008369_0.jpg,619948_0.jpg,739325_0.jpg
478,754391_0.jpg,273314_0.jpg,1292390_0.jpg,1601936_0.jpg,230921_0.jpg,17518_0.jpg,2200451_0.jpg,1381037_1.jpg,1381037_0.jpg,1204454_0.jpg
479,755747_0.jpg,469757_0.jpg,1629131_0.jpg,270183_0.jpg,316035_0.jpg,736794_1.jpg,181781_0.jpg,9905_0.jpg,189586_0.jpg,877298_1.jpg
480,766234_0.jpg,1679426_1.jpg,328427_0.jpg,2152132_0.jpg,2249413_0.jpg,394246_0.jpg,1870484_0.jpg,1679426_0.jpg,12600_0.jpg,263977_1.jpg
481,773720_0.jpg,119506_0.jpg,275199_0.jpg,736794_1.jpg,20730_1.jpg,1520546_3.jpg,20730_0.jpg,328427_0.jpg,460016_1.jpg,2043138_3.jpg
482,781783_0.jpg,781783_3.jpg,569765_0.jpg,569765_3.jpg,2126042_0.jpg,569765_1.jpg,781783_1.jpg,2126042_1.jpg,2126042_2.jpg,569765_2.jpg
483,781783_1.jpg,2126042_1.jpg,569765_2.jpg,781783_0.jpg,569765_1.jpg,781783_3.jpg,569765_3.jpg,569765_0.jpg,292676_0.jpg,2126042_0.jpg
484,781783_2.jpg,2126042_3.jpg,1352094_1.jpg,1352094_0.jpg,1773371_0.jpg,1284488_0.jpg,942620_0.jpg,1693803_0.jpg,1342280_3.jpg,118313_0.jpg
485,781783_3.jpg,781783_0.jpg,569765_3.jpg,569765_0.jpg,2126042_0.jpg,569765_1.jpg,781783_1.jpg,2126042_2.jpg,2126042_1.jpg,569765_2.jpg
486,782528_0.jpg,34762_1.jpg,454575_1.jpg,34762_2.jpg,1381037_2.jpg,1590116_0.jpg,1108503_0.jpg,344411_1.jpg,110899_0.jpg,1590116_1.jpg
487,792542_0.jpg,792542_3.jpg,792542_2.jpg,118313_0.jpg,273015_0.jpg,792542_1.jpg,2043138_0.jpg,189586_0.jpg,454575_0.jpg,230921_0.jpg
488,792542_1.jpg,2128367_0.jpg,718182_0.jpg,634439_0.jpg,228851_0.jpg,2153201_0.jpg,428087_0.jpg,792542_3.jpg,792542_0.jpg,833884_0.jpg
489,792542_2.jpg,792542_3.jpg,792542_0.jpg,454575_0.jpg,835212_3.jpg,428087_0.jpg,1376156_0.jpg,228851_0.jpg,792542_1.jpg,1062123_0.jpg
490,792542_3.jpg,792542_0.jpg,792542_2.jpg,118313_0.jpg,273015_0.jpg,792542_1.jpg,2043138_0.jpg,189586_0.jpg,230921_0.jpg,454575_0.jpg
491,797428_0.jpg,797428_1.jpg,797428_2.jpg,1212545_0.jpg,1985202_1.jpg,1260869_1.jpg,2043138_3.jpg,118313_0.jpg,2043138_2.jpg,273015_0.jpg
492,797428_1.jpg,797428_0.jpg,273015_0.jpg,118313_0.jpg,2043138_0.jpg,1212545_0.jpg,797428_2.jpg,2043138_2.jpg,942620_0.jpg,1056223_1.jpg
493,797428_2.jpg,228851_1.jpg,394246_0.jpg,2152132_0.jpg,597665_0.jpg,797428_0.jpg,797428_1.jpg,1056223_1.jpg,1342280_3.jpg,1212545_0.jpg
494,805537_0.jpg,971996_0.jpg,359078_0.jpg,1258869_0.jpg,295981_1.jpg,1024602_0.jpg,2034696_1.jpg,805537_1.jpg,1582796_0.jpg,328944_1.jpg
495,805537_1.jpg,2034696_1.jpg,971996_0.jpg,698597_0.jpg,295981_1.jpg,1719926_0.jpg,1833356_0.jpg,2248498_0.jpg,709380_0.jpg,464681_0.jpg
496,806175_0.jpg,422073_0.jpg,946858_0.jpg,850206_0.jpg,344411_2.jpg,1963148_0.jpg,1174936_0.jpg,946858_1.jpg,1313329_0.jpg,409025_0.jpg
497,821201_0.jpg,388175_1.jpg,388175_0.jpg,102427_0.jpg,1000699_0.jpg,393342_0.jpg,1212545_0.jpg,1855762_0.jpg,833884_0.jpg,557975_3.jpg
498,822775_0.jpg,293130_0.jpg,1582796_0.jpg,295981_0.jpg,1807172_0.jpg,295981_1.jpg,1833356_0.jpg,460054_0.jpg,295981_2.jpg,359078_0.jpg
499,822775_1.jpg,293130_1.jpg,2034696_1.jpg,805537_1.jpg,698597_0.jpg,822775_0.jpg,2248498_0.jpg,295981_1.jpg,971996_0.jpg,1582796_0.jpg
500,822775_2.jpg,293130_2.jpg,656645_0.jpg,877298_1.jpg,270183_0.jpg,454575_0.jpg,1131012_1.jpg,1131012_0.jpg,119506_0.jpg,451241_0.jpg
501,822775_3.jpg,293130_3.jpg,293130_0.jpg,734879_1.jpg,734879_0.jpg,835212_3.jpg,822775_0.jpg,2219063_3.jpg,781783_0.jpg,292676_0.jpg
502,830143_0.jpg,912664_0.jpg,1773371_0.jpg,942620_0.jpg,512673_0.jpg,1352094_0.jpg,428087_0.jpg,718182_0.jpg,1260869_0.jpg,474086_0.jpg
503,833884_0.jpg,2032401_2.jpg,792542_1.jpg,1727476_0.jpg,1352094_1.jpg,388175_0.jpg,557975_3.jpg,273015_3.jpg,388175_1.jpg,634439_0.jpg
504,833884_1.jpg,833884_0.jpg,228851_1.jpg,609182_0.jpg,1342280_3.jpg,273015_2.jpg,736794_2.jpg,263581_0.jpg,736794_3.jpg,460016_1.jpg
505,833884_2.jpg,1342280_1.jpg,196819_2.jpg,1352094_2.jpg,228851_1.jpg,155579_0.jpg,797428_2.jpg,155579_1.jpg,2126042_0.jpg,597665_0.jpg
506,835212_0.jpg,1062123_1.jpg,1342280_2.jpg,1056223_0.jpg,1056039_1.jpg,2043138_0.jpg,2043138_1.jpg,2032401_2.jpg,1367906_3.jpg,460016_1.jpg
507,835212_1.jpg,1056223_1.jpg,1211240_1.jpg,394246_0.jpg,91902_2.jpg,228851_1.jpg,1342280_0.jpg,797428_2.jpg,2152132_0.jpg,1985202_0.jpg
508,835212_2.jpg,720789_0.jpg,720789_1.jpg,835212_3.jpg,1260869_2.jpg,1212545_0.jpg,1985202_1.jpg,792542_2.jpg,1360443_0.jpg,2115574_0.jpg
509,835212_3.jpg,792542_2.jpg,835212_2.jpg,2128367_0.jpg,388175_1.jpg,1062123_0.jpg,388175_0.jpg,1108438_0.jpg,1204454_0.jpg,230921_0.jpg
510,839474_0.jpg,196819_0.jpg,792542_1.jpg,327032_0.jpg,1727476_0.jpg,388175_0.jpg,388175_1.jpg,2153201_0.jpg,833884_0.jpg,454575_0.jpg
511,839474_1.jpg,839474_2.jpg,196819_2.jpg,196819_3.jpg,505425_0.jpg,189586_0.jpg,736794_2.jpg,1418639_0.jpg,1352094_2.jpg,2018843_2.jpg
512,839474_2.jpg,839474_1.jpg,38983_0.jpg,189586_0.jpg,196819_2.jpg,454575_0.jpg,196819_3.jpg,1352094_2.jpg,234201_0.jpg,1629131_0.jpg
513,839474_3.jpg,1062123_1.jpg,1056039_1.jpg,1836045_2.jpg,1352094_2.jpg,20730_0.jpg,1824647_2.jpg,33220_2.jpg,1056223_0.jpg,2265152_0.jpg
514,839731_0.jpg,839731_1.jpg,273015_0.jpg,20730_3.jpg,91902_1.jpg,2032401_2.jpg,2043138_0.jpg,2200451_0.jpg,118313_0.jpg,797428_1.jpg
515,839731_1.jpg,839731_0.jpg,49335_1.jpg,49335_0.jpg,273015_0.jpg,2043138_0.jpg,1352094_0.jpg,1080191_0.jpg,2010464_1.jpg,1344607_2.jpg
516,850002_0.jpg,351614_0.jpg,2232140_0.jpg,477211_0.jpg,2007936_0.jpg,946858_3.jpg,351614_2.jpg,1217793_0.jpg,477211_2.jpg,970552_1.jpg
517,850002_1.jpg,850002_2.jpg,1217793_3.jpg,2219063_0.jpg,351614_0.jpg,1824647_2.jpg,2059631_2.jpg,782528_0.jpg,619948_0.jpg,34762_1.jpg
518,850002_2.jpg,850002_1.jpg,1217793_3.jpg,850002_3.jpg,2059631_1.jpg,124438_0.jpg,883983_0.jpg,2219063_0.jpg,2059631_2.jpg,2007936_0.jpg
519,850002_3.jpg,850002_2.jpg,850206_1.jpg,351614_0.jpg,946858_3.jpg,1462896_0.jpg,1824647_1.jpg,1217793_3.jpg,449122_0.jpg,850002_0.jpg
520,850206_0.jpg,422073_0.jpg,2214632_0.jpg,806175_0.jpg,1854940_0.jpg,1174936_0.jpg,344411_2.jpg,1313329_0.jpg,946858_0.jpg,1963148_0.jpg
521,850206_1.jpg,351614_0.jpg,1462896_0.jpg,1681432_0.jpg,1217793_0.jpg,2059631_0.jpg,49884_0.jpg,422073_0.jpg,850206_0.jpg,1689520_2.jpg
522,850206_2.jpg,1824647_0.jpg,351614_1.jpg,1313329_2.jpg,1217793_1.jpg,12688_1.jpg,12688_0.jpg,30918_1.jpg,1740086_1.jpg,1836045_0.jpg
523,868312_0.jpg,1170894_0.jpg,1170894_1.jpg,619948_1.jpg,739325_1.jpg,1625168_1.jpg,2008369_1.jpg,619948_0.jpg,2008369_0.jpg,1836045_1.jpg
524,877298_0.jpg,1140265_0.jpg,228851_1.jpg,1679426_1.jpg,773720_0.jpg,119506_0.jpg,797428_2.jpg,1595808_0.jpg,1515507_1.jpg,394246_0.jpg
525,877298_1.jpg,270183_0.jpg,656645_0.jpg,755747_0.jpg,469757_0.jpg,454575_0.jpg,1361372_0.jpg,1629131_0.jpg,736794_1.jpg,316035_0.jpg
526,883983_0.jpg,1590305_0.jpg,1681432_0.jpg,1963148_0.jpg,1174936_0.jpg,124438_0.jpg,1076893_0.jpg,49884_0.jpg,2234218_0.jpg,2059631_0.jpg
527,89797_0.jpg,1024602_0.jpg,971996_0.jpg,1833356_0.jpg,328944_1.jpg,328944_0.jpg,1199966_2.jpg,1199966_0.jpg,1258869_0.jpg,1199966_1.jpg
528,912664_0.jpg,830143_0.jpg,1773371_0.jpg,942620_0.jpg,512673_0.jpg,428087_0.jpg,1352094_0.jpg,118313_0.jpg,1352094_1.jpg,49335_1.jpg
529,91902_0.jpg,2240285_0.jpg,91902_1.jpg,1595808_3.jpg,2043138_2.jpg,805537_0.jpg,797428_0.jpg,557975_0.jpg,557975_1.jpg,797428_1.jpg
530,91902_1.jpg,91902_0.jpg,2043138_2.jpg,2043138_3.jpg,1056223_1.jpg,1836045_2.jpg,273015_0.jpg,460016_1.jpg,1342280_3.jpg,2240285_0.jpg
531,91902_2.jpg,2043138_2.jpg,2043138_3.jpg,797428_2.jpg,1595808_0.jpg,273015_3.jpg,835212_1.jpg,1056223_1.jpg,228851_1.jpg,1342280_3.jpg
532,942620_0.jpg,1773371_0.jpg,830143_0.jpg,912664_0.jpg,512673_0.jpg,1352094_0.jpg,942620_2.jpg,797428_1.jpg,1352094_1.jpg,273015_3.jpg
533,942620_1.jpg,1727476_0.jpg,1284488_0.jpg,180920_0.jpg,1108438_0.jpg,2032401_2.jpg,1062123_0.jpg,1982544_3.jpg,1855762_0.jpg,833884_0.jpg
534,942620_2.jpg,942620_0.jpg,228851_1.jpg,512673_0.jpg,1773371_0.jpg,912664_0.jpg,460016_1.jpg,49335_1.jpg,1166708_0.jpg,1352094_0.jpg
535,946858_0.jpg,946858_1.jpg,422073_0.jpg,806175_0.jpg,2214632_0.jpg,344411_2.jpg,1174936_0.jpg,1963148_0.jpg,409025_0.jpg,850206_0.jpg
536,946858_1.jpg,946858_0.jpg,422073_0.jpg,409025_0.jpg,1963148_0.jpg,806175_0.jpg,2214632_0.jpg,1174936_0.jpg,1681432_0.jpg,1689520_0.jpg
537,946858_2.jpg,477211_3.jpg,1313329_2.jpg,477211_2.jpg,946858_3.jpg,275199_0.jpg,1473075_0.jpg,702029_2.jpg,946858_1.jpg,2178468_0.jpg
538,946858_3.jpg,351614_0.jpg,1217793_0.jpg,477211_2.jpg,477211_0.jpg,1462896_0.jpg,2059631_0.jpg,351614_2.jpg,2232140_0.jpg,946858_1.jpg
539,948863_0.jpg,2132976_0.jpg,72326_0.jpg,460054_0.jpg,2248498_0.jpg,1199966_2.jpg,1199966_1.jpg,1199966_0.jpg,698597_0.jpg,709380_0.jpg
540,958266_0.jpg,1040854_0.jpg,2234218_0.jpg,1174936_0.jpg,1478575_0.jpg,1360443_0.jpg,684408_1.jpg,1204454_0.jpg,118313_0.jpg,1562210_0.jpg
541,969013_0.jpg,1078824_0.jpg,1054120_0.jpg,2194226_0.jpg,634439_0.jpg,1000699_0.jpg,2128367_0.jpg,718182_0.jpg,228851_0.jpg,2087717_0.jpg
542,970552_0.jpg,970552_1.jpg,2232140_0.jpg,449122_0.jpg,1681432_0.jpg,2059631_0.jpg,351614_0.jpg,344411_2.jpg,1462896_0.jpg,351614_2.jpg
543,970552_1.jpg,970552_0.jpg,2232140_0.jpg,449122_0.jpg,1681432_0.jpg,2059631_0.jpg,351614_0.jpg,344411_2.jpg,1462896_0.jpg,1595084_0.jpg
544,970552_2.jpg,422073_2.jpg,444101_0.jpg,292676_0.jpg,1887053_1.jpg,1887053_0.jpg,1887053_2.jpg,227995_0.jpg,393342_0.jpg,1985202_0.jpg
545,971996_0.jpg,1024602_0.jpg,1258869_0.jpg,698597_0.jpg,805537_1.jpg,2034696_1.jpg,328944_1.jpg,328944_0.jpg,1833356_0.jpg,2248498_0.jpg
546,989685_1.jpg,989685_0.jpg,1212545_0.jpg,1855762_0.jpg,20730_1.jpg,49335_1.jpg,833884_0.jpg,20730_3.jpg,2032401_2.jpg,1985202_1.jpg
547,989685_1.jpg,989685_0.jpg,1212545_0.jpg,1855762_0.jpg,20730_1.jpg,49335_1.jpg,833884_0.jpg,20730_3.jpg,2032401_2.jpg,1985202_1.jpg
548,9905_0.jpg,181781_0.jpg,1629131_0.jpg,755747_0.jpg,469757_0.jpg,316035_0.jpg,238697_1.jpg,189586_0.jpg,270183_0.jpg,656645_0.jpg
549,181781_1.jpg,9905_1.jpg,469757_0.jpg,755747_0.jpg,316035_0.jpg,234201_0.jpg,189586_0.jpg,656645_0.jpg,1629131_0.jpg,773720_0.jpg
